Date,Close,High,Low,Open,Volume
2015-01-02,24.214885711669922,24.68221785084038,23.776345931244794,24.67114295681979,212818400
2015-01-05,23.532726287841797,24.064289384302135,23.346680133466553,23.98455483534346,257142000
2015-01-06,23.53493309020996,23.79406943566659,23.173912432554356,23.596948452562806,263188400
2015-01-07,23.864952087402344,23.96461942484343,23.632392713649896,23.743134950714406,160423600
2015-01-08,24.78189468383789,24.8394811133024,24.075358755914475,24.192746932459276,237458000
2015-01-09,24.808469772338867,25.083109973520873,24.409797149823067,24.954648607400006,214798000
2015-01-12,24.197174072265625,24.945790840272345,24.097506754292127,24.93914657771306,198603200
2015-01-13,24.412019729614258,24.983450095288372,24.121875600672528,24.680015748447666,268367600
2015-01-14,24.318984985351562,24.4718080546312,24.031054622711164,24.150656387663712,195826400
2015-01-15,23.658964157104492,24.376573158668013,23.623527530872572,24.36328463505503,240056000
2015-01-16,23.475133895874023,23.82729501276512,23.300160996132067,23.705477902251076,314053200
2015-01-20,24.07979393005371,24.135165052339598,23.58809809378822,23.88488649814015,199599600
2015-01-21,24.26361656188965,24.598056787392125,23.98011511203048,24.130724570790218,194303600
2015-01-22,24.894847869873047,24.910351710886655,24.301269587107605,24.42087137055198,215185600
2015-01-23,25.023311614990234,25.19385388237781,24.702158177998953,24.872702135178624,185859200
2015-01-26,25.04988670349121,25.328957536245927,24.983442393649014,25.191636592238247,222460000
2015-01-27,24.172809600830078,24.912568446521064,24.14844617930842,24.899278232187047,382274800
2015-01-28,25.53936004638672,26.16173222354144,25.53936004638672,26.053203674590034,585908400
2015-01-29,26.33449935913086,26.398730047323408,25.59474047597541,25.76306911779753,337745600
2015-01-30,25.949115753173828,26.57813070202149,25.880454433135018,26.223755963952947,334982000
2015-02-02,26.274700164794922,26.39430197270769,25.709915821075615,26.146240465741013,250956400
2015-02-03,26.27912712097168,26.376579118011072,26.04878311832867,26.245904119570774,207662800
2015-02-04,26.480682373046875,26.69109363088426,26.203826788886406,26.24590937841236,280598800
2015-02-05,26.66968536376953,26.7341695476522,26.51625741948107,26.687472758681785,168984800
2015-02-06,26.44510841369629,26.73862169836878,26.33837553906016,26.68747847383321,174826400
2015-02-09,26.620763778686523,26.647445716847848,26.333921068225507,26.3606047028478,155559200
2015-02-10,27.13218879699707,27.161096493457006,26.718603465831738,26.720825829820146,248034000
2015-02-11,27.768129348754883,27.777023892483754,27.23891672034267,27.298952769936612,294247200
2015-02-12,28.119461059570312,28.346267722765855,27.921562092612835,28.030517303345807,297898000
2015-02-13,28.257326126098633,28.301797159379046,27.93935331840626,28.301797159379046,217088800
2015-02-17,28.42409896850586,28.65757616660402,28.2217518372926,28.348496165741523,252609600
2015-02-18,28.621994018554688,28.635334989242327,28.339597698284383,28.379622306808475,179566800
2015-02-19,28.561948776245117,28.69091711398192,28.535266841858697,28.568619259841725,149449600
2015-02-20,28.795429229736328,28.795429229736328,28.4730100443584,28.59975264035525,195793600
2015-02-23,29.573671340942383,29.573671340942383,28.830994995252695,28.911044166178076,283896400
2015-02-24,29.389131546020508,29.707106062803202,29.16677297786456,29.56034859351888,276912400
2015-02-25,28.637548446655273,29.2623786538806,28.495239148710304,29.25348241424081,298846800
2015-02-26,28.999998092651367,29.10005874917597,28.152812664929638,28.637552615299487,365150000
2015-02-27,28.564176559448242,29.0333531655874,28.515257414321187,28.906607182415925,248059200
2015-03-02,28.704259872436523,28.96886704801929,28.528598138561485,28.739838049119616,192386800
2015-03-03,28.764312744140625,28.79989093952874,28.481916331748078,28.675370648593795,151265200
2015-03-04,28.58196449279785,28.80877114769695,28.533048736762723,28.70648812200263,126665200
2015-03-05,28.108341217041016,28.628659337495048,27.96380784031683,28.59085879639421,226068400
2015-03-06,28.150590896606445,28.76652330753673,28.074989807114648,28.55083525175208,291368400
2015-03-09,28.270668029785156,28.811001111095322,27.808161803975942,28.453001986590163,354114000
2015-03-10,27.685863494873047,28.288454960913256,27.5279891281801,28.108345078545167,275426400
2015-03-11,27.181108474731445,27.743675330611506,27.152202474172537,27.73922890608748,275756000
2015-03-12,27.67251968383789,27.772582044929376,27.045468667549837,27.196672542932966,193450800
2015-03-13,27.481292724609375,27.883762858746906,27.2567118077468,27.661404305960183,207309200
2015-03-16,27.783700942993164,27.783700942993164,27.321196435001667,27.54577735550877,143497200
2015-03-17,28.24843406677246,28.310694197430077,27.9393557778212,27.99494542254569,204092400
2015-03-18,28.566402435302734,28.719830373617224,28.09944983193032,28.239535104003725,261083600
2015-03-19,28.350717544555664,28.73984504026525,28.328482026950223,28.628665755776797,183238000
2015-03-20,27.99493980407715,28.550834443294974,27.830394963725297,28.517482020323033,274780400
2015-03-23,28.286235809326172,28.428545170097408,28.132807840557245,28.266224350684,150838800
2015-03-24,28.170604705810547,28.470786706839743,28.141697009126034,28.29067852409887,131369200
2015-03-25,27.43459701538086,28.19951096263978,27.43459701538086,28.13725084069286,206620800
2015-03-26,27.625816345214844,27.768125632911904,27.261148583433563,27.29672675358809,190291600
2015-03-27,27.405691146850586,27.728110364111448,27.33009005453991,27.699204363485794,158184800
2015-03-30,28.09945297241211,28.106123458047634,27.572462553209395,27.58358116024277,188398800
2015-03-31,27.668071746826172,28.126129772299695,27.65250671770215,28.037186021679155,168362400
2015-04-01,27.6280517578125,27.821504320484593,27.37233906824674,27.754796072263535,162485600
2015-04-02,27.865968704223633,27.91933427218699,27.614704195954534,27.801484532056698,128880400
2015-04-06,28.31736183166504,28.35294001500725,27.645839737461767,27.676969799655623,148776000
2015-04-07,28.01940155029297,28.488576533226613,28.012731065181562,28.38184537852191,140049200
2015-04-08,27.928232192993164,28.106119702993404,27.788146923979166,27.983821827810612,149316800
2015-04-09,28.141698837280273,28.14614695850273,27.719218930050666,27.983824463106682,129936000
2015-04-10,28.26177215576172,28.286231732662372,27.852633226625628,28.006059476821086,160752000
2015-04-13,28.2061767578125,28.588635364311845,28.152811190225506,28.544160947811203,145460400
2015-04-14,28.08388328552246,28.30401775731362,27.997163593711978,28.239533579423085,102098400
2015-04-15,28.190616607666016,28.268441760625606,28.01940127115491,28.108345030163488,115881600
2015-04-16,28.054975509643555,28.261769011778117,28.041634540622283,28.0794350838232,113476000
2015-04-17,27.73923110961914,28.04830938065471,27.67474692190119,27.917118641010806,207828000
2015-04-20,28.372953414916992,28.488579125779587,27.832622017726813,27.921565785715647,188217200
2015-04-21,28.219526290893555,28.50636734678086,28.16615901385577,28.484133526040274,129740400
2015-04-22,28.59975242614746,28.65534205744874,28.088328836052234,28.237308640789045,150618000
2015-04-23,28.833232879638672,29.00000179276501,28.493024568294725,28.52860275072968,183083600
2015-04-24,28.9688720703125,29.046698921184287,28.73539491061941,29.015568859420025,178103600
2015-04-27,29.4958553314209,29.602589860344253,29.162317562609108,29.420254251458086,387816800
2015-04-28,29.0311336517334,29.916119788836074,28.811000844246536,29.898334089439555,475696000
2015-04-29,28.604204177856445,29.260161231898245,28.528603083990692,28.94219012909227,253544400
2015-04-30,27.828174591064453,28.60420550349986,27.701430277592415,28.60420550349986,332781600
2015-05-01,28.673131942749023,28.93551677409575,27.861524660384124,28.039410467610814,234050400
2015-05-04,28.617549896240234,29.033362767335465,28.51971157362959,28.795437447084783,203953200
2015-05-05,27.97270393371582,28.561952684862618,27.968255813068883,28.49524444684628,197085600
2015-05-06,27.79704475402832,28.1839481830708,27.430152781583676,28.141699512749295,288564000
2015-05-07,27.968976974487305,28.152072553223462,27.69209940387363,27.859564934554776,175763600
2015-05-08,28.49593162536621,28.49593162536621,28.158767256911965,28.286040975612977,222201600
2015-05-11,28.205656051635742,28.482531869675185,28.051587245555062,28.444573431626868,168143200
2015-05-12,28.105180740356445,28.330699748396363,27.8707283299041,28.044892198904186,192640000
2015-05-13,28.136442184448242,28.399921351191814,28.10518208869455,28.167702280201933,138776800
2015-05-14,28.79290008544922,28.79290008544922,28.393217269931714,28.4490391015852,180814000
2015-05-15,28.75271224975586,28.91347941005312,28.62767188221232,28.819699134395467,152832000
2015-05-18,29.069782257080078,29.18812428658893,28.6611659750214,28.665632676256102,203531600
2015-05-19,29.042991638183594,29.223853873876013,28.946976291486887,29.181428725830614,178532800
2015-05-20,29.04075050354004,29.246174444717788,28.879983348341042,29.027353808455853,145819600
2015-05-21,29.33772087097168,29.391311054384847,28.989393196521394,29.04298337993456,158921600
2015-05-22,29.594497680664062,29.69051299277318,29.33995029118235,29.38461047751805,182384000
2015-05-26,28.942502975463867,29.677120208049125,28.830859309109393,29.607901680044442,282790400
2015-05-27,29.48286247253418,29.53198596589671,29.03852279224789,29.103274629628586,183332800
2015-05-28,29.4248046875,29.462763125539038,29.272970935343846,29.44266808312325,122933200
2015-05-29,29.089874267578125,29.35112004549353,29.005023988443504,29.30199655832027,203538000
2015-06-01,29.14792823791504,29.337723842184424,29.038519620453748,29.089874755325262,128451200
2015-06-02,29.0184268951416,29.17472736620968,28.87552312058011,28.99609679623413,134670400
2015-06-03,29.054147720336914,29.237244975360273,29.00502423274989,29.1747247924485,123934000
2015-06-04,28.884458541870117,29.15686944565926,28.783979892100927,28.933582043018674,153800400
2015-06-05,28.725914001464844,28.958134735546285,28.661162174075283,28.915709597179813,142507200
2015-06-08,28.5361270904541,28.85096310562746,28.319538065016676,28.781741157699003,210699200
2015-06-09,28.45128059387207,28.598651098137495,28.049364289011972,28.290513390508952,224301600
2015-06-10,28.777273178100586,28.87998344548777,28.54728578924955,28.562915834749408,156349200
2015-06-11,28.71251106262207,29.067537026860013,28.68794932507201,28.844249742620768,141563600
2015-06-12,28.395450592041016,28.654464723898236,28.38205389678882,28.623204632611635,147544800
2015-06-15,28.339637756347656,28.411089659627617,28.06946019383444,28.156542147721026,175955600
2015-06-16,28.491464614868164,28.547286450596175,28.216822137072793,28.364190897550184,125976400
2015-06-17,28.42447853088379,28.553983890961618,28.299436464414363,28.51825880307548,131672400
2015-06-18,28.553979873657227,28.649993482691986,28.406611138596283,28.408844488633445,141628800
2015-06-19,28.268178939819336,28.540589786812227,28.223522150021005,28.516028041358947,218867600
2015-06-22,28.493698120117188,28.594176743554687,28.37535610029832,28.46690302554514,136157200
2015-06-23,28.364192962646484,28.49370003981576,28.330699518061692,28.464673296400864,121075600
2015-06-24,28.6053466796875,28.982702900869484,28.384292648227373,28.404387694929415,221123600
2015-06-25,28.46914291381836,28.84873080458355,28.46914291381836,28.772813907849564,127752400
2015-06-26,28.301677703857422,28.578553600456058,28.248089205316834,28.50710170121939,176267200
2015-06-29,27.805971145629883,28.23914911428784,27.79480780117253,28.013628432264692,196645600
2015-06-30,28.006929397583008,28.160998197819048,27.87965568977192,28.0381894869719,177482800
2015-07-01,28.268178939819336,28.3440975267333,28.13197351632289,28.33516582806417,120955200
2015-07-02,28.232450485229492,28.288272317600764,28.082846679778665,28.230217134941444,108844000
2015-07-06,28.13420295715332,28.1855597914771,27.87742219262861,27.89751893772821,112241600
2015-07-07,28.06499481201172,28.167706815102605,27.636281694637407,28.10965161212159,187787200
2015-07-08,27.368330001831055,27.830534741104064,27.3616316540013,27.79480965149628,243046400
2015-07-09,26.810115814208984,27.70103198892368,26.620321880745106,27.65414184325949,314380000
2015-07-10,27.52686309814453,27.654136814244254,27.064658370882672,27.22765887920902,245418000
2015-07-13,28.058286666870117,28.080615059129947,27.759080759237573,27.917614558893636,165762000
2015-07-14,28.047122955322266,28.216821810967417,27.9198492394752,28.143136579806693,127072400
2015-07-15,28.31730079650879,28.390986028616197,28.040424967933756,28.071685059698005,134596800
2015-07-16,28.694660186767578,28.70806029162525,28.43564770992104,28.52272965247309,144889600
2015-07-17,28.942502975463867,28.942502975463867,28.649997114750235,28.82192931492253,184658800
2015-07-20,29.48955726623535,29.690514486480552,29.18365132849646,29.243939857407636,235600800
2015-07-21,29.194820404052734,29.679353534603262,29.098808480959107,29.66372519211815,307025600
2015-07-22,27.960046768188477,28.022566963747156,27.23882776131358,27.23882776131358,461802400
2015-07-23,27.946645736694336,28.377588689764913,27.924315638702303,28.178863083176353,203998000
2015-07-24,27.799272537231445,28.076148348962484,27.665300480171084,27.98236807937494,168649200
2015-07-27,27.41299057006836,27.60055285290327,27.26785513761631,27.484442462684633,177822000
2015-07-28,27.549190521240234,27.667534238662494,27.363863329620226,27.549190521240234,134472400
2015-07-29,27.46211051940918,27.57598754415561,27.30134335589593,27.49783731287758,148046800
2015-07-30,27.32367515563965,27.36833194670964,27.176304678723376,27.312510106098458,134513200
2015-07-31,27.084749221801758,27.38395337560886,26.997667314138685,27.37502167949639,171540000
2015-08-03,26.44615364074707,27.368329760709486,26.240727989009937,27.129412370118644,279904000
2015-08-04,25.5976619720459,26.280920726034005,25.28729268813971,26.218400539858273,496554400
2015-08-05,25.767362594604492,26.22286902951498,25.030513599165996,25.22030752115851,397250400
2015-08-06,25.823429107666016,26.13071799542475,25.596889351141915,26.011840324697488,211612000
2015-08-07,25.91091537475586,26.074653738281246,25.68213206910282,25.70007632753877,154681600
2015-08-10,26.852968215942383,26.913527948658288,26.137456745056706,26.137456745056706,219806400
2015-08-11,25.455583572387695,26.507541906594625,25.419696776558233,26.42455101739805,388331200
2015-08-12,25.848102569580078,25.888476280418214,24.589790578259198,25.24025515898116,404870000
2015-08-13,25.827922821044922,26.10829540548688,25.69110086293657,26.027547964266923,194143200
2015-08-14,26.009605407714844,26.088109394236614,25.572224831908866,25.641756689791208,171718000
2015-08-17,26.278757095336914,26.38866264703329,25.906421557180472,26.027542694487096,163538800
2015-08-18,26.130718231201172,26.341558908737895,26.020812685174974,26.115017438911718,138242800
2015-08-19,25.79652214050293,26.135211002376796,25.72250336489135,26.041006221375795,193146000
2015-08-20,25.26717185974121,25.648477802665706,25.03838692498007,25.587918091263084,274006400
2015-08-21,23.721757888793945,25.09894752586456,23.697084970926394,24.769229179141824,513102000
2015-08-24,23.12961196899414,24.40362476518599,20.635417421165577,21.279153341552664,648825200
2015-08-25,23.268680572509766,24.921757912591616,23.21484951655128,24.921757912591616,414406400
2015-08-26,24.603256225585938,24.64811515577482,23.562513301625625,24.020079865579447,387098400
2015-08-27,25.327733993530273,25.399509297107524,24.677269342278688,25.172969511251395,338464400
2015-08-28,25.410728454589844,25.415213663018278,25.018206833650943,25.1595140011359,212657600
2015-08-31,25.291847229003906,25.688854003074386,25.121380241072895,25.128108908407583,224917200
2015-09-01,24.16138458251953,25.09446351743567,24.080637153090667,24.706428875535263,307383600
2015-09-02,25.19764518737793,25.19764518737793,24.47764856445594,24.724377818540738,247555200
2015-09-03,24.755769729614258,25.296326994726947,24.68175098234016,25.2312803723883,212935600
2015-09-04,24.509048461914062,24.7737202433098,24.33858316703833,24.441760070123664,199985200
2015-09-08,25.1909122467041,25.246986756530266,24.744559627640125,25.065305892296124,219374400
2015-09-09,24.70642852783203,25.574460815088862,24.6211941806021,25.516144558967323,340043200
2015-09-10,25.24923324584961,25.40848466751426,24.65035781974626,24.73334700904198,251571200
2015-09-11,25.617080688476562,25.617080688476562,25.067551137537496,25.07427980539464,199662000
2015-09-14,25.863800048828125,26.218191275091186,25.762866640291673,26.148659447488647,233453600
2015-09-15,26.081378936767578,26.137453453474166,25.664184395569876,26.00287495563004,173364800
2015-09-16,26.110536575317383,26.139694705489024,25.892967195070767,26.074648066252323,148694000
2015-09-17,25.552038192749023,26.128484219899708,25.507179258917766,25.94231810436722,256450400
2015-09-18,25.446613311767578,25.6372680249508,25.09222369020749,25.168484206474112,297141200
2015-09-21,25.841379165649414,25.877267676484564,25.49371820104041,25.49595994952382,200888000
2015-09-22,25.435405731201172,25.61035798123911,25.238022301407604,25.430918810746544,201384800
2015-09-23,25.641754150390625,25.731473716641045,25.41297088214752,25.486987941390105,143026800
2015-09-24,25.79427719116211,25.90642622242803,25.204373902756387,25.40175558173138,200878000
2015-09-25,25.72922706604004,26.173337922710438,25.57446087623308,26.117263414665388,224607600
2015-09-28,25.22007179260254,25.697825994691254,25.22007179260254,25.536331134475855,208436000
2015-09-29,24.46194839477539,25.46007589130481,24.192791379564408,25.307553126349635,293461600
2015-09-30,24.740076065063477,25.018205173145,24.38792818838707,24.710916222809423,265892000
2015-10-01,24.578580856323242,24.58755298372046,24.069423321895563,24.464188371081597,255716400
2015-10-02,24.758014678955078,24.89932352588932,24.123252586823476,24.226429470036592,232079200
2015-10-05,24.847740173339844,24.98007692583926,24.464190675092638,24.64587156603645,208258800
2015-10-06,24.966611862182617,25.063060078474173,24.621192708749092,24.814089141332204,192787200
2015-10-07,24.847740173339844,25.069794785744335,24.540452909522134,25.063066117377303,187062400
2015-10-08,24.560632705688477,24.715398884039228,24.271288060243098,24.715398884039228,247918400
2015-10-09,25.14830207824707,25.184188882238043,24.558397015457107,24.67278951874186,211064400
2015-10-12,25.031661987304688,25.289605086536547,24.99577518923133,25.285119878499245,121868800
2015-10-13,25.074275970458984,25.222311774450123,24.825305030272983,24.856706616309225,132197200
2015-10-14,24.71988868713379,25.01371859456382,24.574094607652142,24.96213099969483,177849600
2015-10-15,25.08997917175293,25.14381022280234,24.782690237465133,24.88138192377093,150694000
2015-10-16,24.90605926513672,25.12138521880401,24.79166676400584,25.072039366894277,156930400
2015-10-19,25.060823440551758,25.06530864887749,24.69745996086399,24.852226172607406,119036800
2015-10-20,25.518386840820312,25.60810639760575,24.856708318136878,24.973342544077195,195871200
2015-10-21,25.516149520874023,25.924371949399188,25.50269047270256,25.569980579784346,167180800
2015-10-22,25.90642547607422,25.90642547607422,25.592407855324677,25.643997161174436,166616400
2015-10-23,26.709413528442383,26.743058579861522,26.092593860372293,26.175583047779984,237467600
2015-10-26,25.857078552246094,26.496327643150536,25.77633111852571,26.485113767569437,265335200
2015-10-27,25.69334602355957,26.139698728385536,25.56773793375908,25.883999051348866,279537600
2015-10-28,26.75202178955078,26.758752167028206,26.03202541268124,26.227165289335915,342205600
2015-10-29,27.03464126586914,27.070529772051515,26.527727239221168,26.624175460513595,204909200
2015-10-30,26.803613662719727,27.18940653484636,26.792398077102376,27.137817236767894,197461200
2015-11-02,27.180435180664062,27.220808894271993,26.82828734412862,27.095202545828723,128813200
2015-11-03,27.492212295532227,27.698566093648566,27.072774320250645,27.092962034880685,182076000
2015-11-04,27.364355087280273,27.772577365213973,27.279122466176005,27.617811202773556,179544400
2015-11-05,27.23821258544922,27.636920436760004,27.071522050952424,27.447702714464256,158210800
2015-11-06,27.269750595092773,27.438694204532553,27.170638179524726,27.281014189822066,132169200
2015-11-09,27.15937614440918,27.43869578018609,27.042242657981237,27.247226688875976,135485600
2015-11-10,26.303388595581055,26.59622482431154,26.143455544640954,26.332673249603893,236511600
2015-11-11,26.154726028442383,26.44981367862618,25.951993333491004,26.21329363333577,180872000
2015-11-12,26.066875457763672,26.31465909867427,26.051107454758,26.188515074628896,130102400
2015-11-13,25.305505752563477,26.03309050593874,25.289737747064134,25.949744351965816,183249600
2015-11-16,25.719974517822266,25.733489456288183,25.00365356321389,25.0892510378034,152426800
2015-11-17,25.609596252441406,25.9159474336029,25.526250129222316,25.88666277806434,110467600
2015-11-18,26.420534133911133,26.465585085880317,26.017321755027425,26.075889367454284,186698800
2015-11-19,26.756162643432617,26.974663322774134,26.301141938966225,26.49936849124945,173183200
2015-11-20,26.873300552368164,27.012959518830655,26.771933344024283,26.850773360347215,137148400
2015-11-23,26.524152755737305,26.970164742966002,26.431796069841756,26.866544459761943,129930000
2015-11-24,26.778688430786133,26.884560036961126,26.38223532153861,26.42953932712212,171212800
2015-11-25,26.587217330932617,26.85752812338971,26.56243879865947,26.85302199829468,85553200
2015-11-27,26.537668228149414,26.672824524218793,26.490364211958607,26.64579292128818,52185600
2015-11-30,26.648038864135742,26.898075539036938,26.524146198704255,26.57820767153652,156721200
2015-12-01,26.431791305541992,26.762921071156022,26.32366835263742,26.749406131688787,139409600
2015-12-02,26.193025588989258,26.605248544716076,26.14797463234993,26.431798752628605,133546400
2015-12-03,25.949737548828125,26.307898892106483,25.728985529710997,26.253837418650917,166278000
2015-12-04,26.81247901916504,26.86203609027978,25.92946742765108,25.970013965964647,231108000
2015-12-07,26.643535614013672,26.999443928947482,26.537664000962682,26.80121736144958,128336800
2015-12-08,26.63227081298828,26.71561522541016,26.323666540590864,26.4723360202465,137238000
2015-12-09,26.044343948364258,26.510628178984593,25.9227043596916,26.499364585769648,185445600
2015-12-10,26.168241500854492,26.341691256178958,26.019572000588415,26.138958557103884,116850800
2015-12-11,25.494718551635742,25.9925388777188,25.4203829465679,25.94748793326861,187544800
2015-12-14,25.337038040161133,25.38208898374484,24.73109305303525,25.269459906202233,257274800
2015-12-15,24.888774871826172,25.409122416293304,24.85723886532313,25.215400251441203,213292400
2015-12-16,25.080244064331055,25.226662219957333,24.508089819376277,25.01942511402226,224954000
2015-12-17,24.54863166809082,25.285224994149143,24.54863166809082,25.23341486827408,179091200
2015-12-18,23.884124755859375,24.670275329617848,23.83456768085976,24.532869419732833,385813200
2015-12-21,24.176963806152344,24.18597434067595,23.7805088800323,24.1657002083519,190362400
2015-12-22,24.154438018798828,24.264814057773368,23.97873517572152,24.192731501094364,131157600
2015-12-23,24.46529197692871,24.51935346093538,24.147677106399406,24.163445110842336,130629600
2015-12-24,24.33464241027832,24.553143133318848,24.316621342307553,24.553143133318848,54281600
2015-12-28,24.06207275390625,24.258047940614375,23.917907691931227,24.23552075333201,106816800
2015-12-29,24.494569778442383,24.649998445725377,24.07108509192604,24.093610562316112,123724800
2015-12-30,24.174707412719727,24.485563077335843,24.14317140552317,24.458533196072224,100855200
2015-12-31,23.710678100585938,24.109384349789213,23.611563944781977,24.104879942063416,163649200
2016-01-04,23.730947494506836,23.735453620243067,22.976332980529655,23.113740599566555,270597600
2016-01-05,23.136260986328125,23.843571336083546,23.068684582391132,23.821045868104548,223164000
2016-01-06,22.683496475219727,23.059678916016708,22.496533504828697,22.65196046967987,273829600
2016-01-07,21.72614860534668,22.555098693762698,21.72164419837296,22.2284750527924,324377600
2016-01-08,21.841032028198242,22.325337438994353,21.7959810814847,22.199193413329677,283192000
2016-01-11,22.194684982299805,22.31407152541594,21.92662723702021,22.29379911707544,198957600
2016-01-12,22.51680564880371,22.6812448631054,22.26451588888082,22.64970885793796,196616800
2016-01-13,21.937896728515625,22.793878605915328,21.917624314726094,22.597903346364497,249758400
2016-01-14,22.417694091796875,22.633943464420273,21.566218416957746,22.06629186880513,252680400
2016-01-15,21.87932777404785,22.00997793908476,21.480621526671204,21.669837584793374,319335600
2016-01-19,21.773452758789062,22.221715978686518,21.51215249001138,22.167654505988224,212350800
2016-01-20,21.802738189697266,22.118099967207257,21.043617548233343,21.42205133752865,289337600
2016-01-21,21.69236183166504,22.04826842385823,21.386010591829923,21.863556798538532,208646000
2016-01-22,22.84568214416504,22.854692676782985,22.15864578823454,22.21721167237613,263202000
2016-01-25,22.399675369262695,22.870464169969765,22.347865228447493,22.868211106825548,207178000
2016-01-26,22.5235652923584,22.72404493823475,22.091069992394825,22.5100503512919,300308000
2016-01-27,21.043615341186523,21.76669377517496,21.02559427725693,21.633792295506485,533478800
2016-01-28,21.194538116455078,21.29139918790636,20.81159995597322,21.1269617038553,222715200
2016-01-29,21.926626205444336,21.926626205444336,21.253104857792184,21.352218987904827,257666000
2016-02-01,21.721637725830078,21.784709716168287,21.489622167693312,21.73064825567594,163774000
2016-02-02,21.282392501831055,21.63379469450947,21.237339837011106,21.494134011442785,149428800
2016-02-03,21.703624725341797,21.81400074941957,21.192289426440556,21.39952653410023,183857200
2016-02-04,21.878021240234375,22.043352805459133,21.5586845565941,21.710426113557276,185886800
2016-02-05,21.293691635131836,21.95048530071671,21.21895439813523,21.859892773065564,185672400
2016-02-08,21.517911911010742,21.674182274657653,21.07174506774626,21.092127482518418,216085600
2016-02-09,21.513378143310547,21.72853561437277,21.27330941163505,21.354842514451022,177324800
2016-02-10,21.350309371948242,21.821389080960863,21.31180811355328,21.724002426962183,169374400
2016-02-11,21.22121810913086,21.452229142675453,20.96982466387226,21.241602248753622,200298800
2016-02-12,21.286897659301758,21.402403176130246,21.0649477791782,21.332194787425067,161405600
2016-02-16,21.887069702148438,21.934630387457513,21.42731468291873,21.520170765310173,196231600
2016-02-17,22.222261428833008,22.242643839068037,21.776094684885276,21.893863753585592,179452800
2016-02-18,21.801013946533203,22.39665705404077,21.762510947381458,22.38533233760041,156084000
2016-02-19,21.75118064880371,21.914246834451163,21.696825829557408,21.742121224277902,141496800
2016-02-22,21.941425323486328,21.945955900104785,21.724004299335455,21.8123315363996,137123200
2016-02-23,21.445438385009766,21.855367523451385,21.41373125429655,21.832719819786092,127770400
2016-02-24,21.764766693115234,21.82818093039428,21.13515144026135,21.28462933776913,145022800
2016-02-25,21.914249420166016,21.914249420166016,21.572263447576336,21.753448503653868,110330800
2016-02-26,21.948225021362305,22.19961677451011,21.87348604528401,22.013902842621285,115964400
2016-02-29,21.89839744567871,22.24717758078485,21.889338019426862,21.9368987113174,140865200
2016-03-01,22.768081665039062,22.82243649472265,22.063727256060517,22.115818525109407,201628400
2016-03-02,22.817899703979492,22.849606820918613,22.56650632831341,22.763544893213613,132678400
2016-03-03,22.98776626586914,23.03532695424258,22.7499610960932,22.779404661211583,147822800
2016-03-04,23.32975196838379,23.497347019940484,22.958324163361524,23.18480461656577,184220400
2016-03-07,23.071561813354492,23.288982816800157,22.865463794559258,23.189330875588524,143315600
2016-03-08,22.88132095336914,23.046652452021572,22.73863888339616,22.824700837488127,126247600
2016-03-09,22.901708602905273,23.00588942474126,22.709198797083857,22.944738722590504,108806800
2016-03-10,22.913022994995117,23.155356968068872,22.682013733747823,22.96737953827201,134054400
2016-03-11,23.15989112854004,23.16441997722652,22.987765504005953,23.155360551944863,109632800
2016-03-14,23.218774795532227,23.307103760030373,23.05117974763284,23.080623311768452,100304400
2016-03-15,23.685335159301758,23.821223136982095,23.52000360571927,23.544916603216762,160270800
2016-03-16,24.000137329101562,24.07713986478873,23.687593153195106,23.692123730534927,153214000
2016-03-17,23.96163558959961,24.113377097226152,23.771391086978394,23.898219603453242,137682800
2016-03-18,23.988811492919922,24.120170583094062,23.823481713829104,24.08393287770441,176820800
2016-03-21,23.986549377441406,24.380624943797773,23.81215843358732,23.991078226933524,142010800
2016-03-22,24.16999626159668,24.299090061591315,23.828010264874134,23.83706969110818,129777600
2016-03-23,24.036373138427734,24.24926534626152,23.98428359475072,24.11564269013365,102814000
2016-03-24,23.932191848754883,24.06355094153387,23.755537351249522,23.88689644402851,104532000
2016-03-28,23.823482513427734,24.049962995987833,23.79403894483319,24.00693115137055,77645600
2016-03-29,24.387420654296875,24.41233364788222,23.75327455415751,23.75553984300412,124760400
2016-03-30,24.813201904296875,25.007975263716304,24.595780841484046,24.607105557135252,182404400
2016-03-31,24.684097290039062,24.890195274900726,24.65918430883802,24.849428735472497,103553600
2016-04-01,24.910585403442383,24.912850691865195,24.50518517119843,24.636544253180922,103496000
2016-04-04,25.16651725769043,25.408851357041822,24.974007423776424,25.007979849050034,149424800
2016-04-05,24.86981964111328,25.078182984908835,24.781492396815462,24.80187653745049,106314800
2016-04-06,25.130271911621094,25.134802488500018,24.7316658138071,24.96494214162522,105616400
2016-04-07,24.582189559936523,25.007972206572465,24.48706818056713,24.901526112936278,127207600
2016-04-08,24.60936737060547,24.8607590890533,24.498390702204215,24.665987485047786,94326800
2016-04-11,24.690898895263672,25.051003723810304,24.647868783004864,24.67957590905189,117630000
2016-04-12,25.012502670288086,25.026090945019725,24.609367726100686,24.76337278081606,108929200
2016-04-13,25.374866485595703,25.44280957490804,25.094031248372715,25.094031248372715,133029200
2016-04-14,25.388458251953125,25.454137790196775,25.21406906468522,25.27974860292887,101895600
2016-04-15,24.878877639770508,25.433755791346098,24.851701091028172,25.390723951959068,187756000
2016-04-18,24.342117309570312,24.675042089309276,24.219817670358456,24.661453816477476,243286000
2016-04-19,24.213027954101562,24.459890837790415,24.059021164895416,24.43271255925679,129539600
2016-04-20,24.262849807739258,24.48027083078875,24.020515797140575,24.151874871871108,122444000
2016-04-21,24.000137329101562,24.217558387870543,23.898220073863335,24.217558387870543,126210000
2016-04-22,23.9344539642334,24.115639014935994,23.694385240774857,23.78271247781748,134732400
2016-04-25,23.798568725585938,23.927662527208124,23.66947492396375,23.78044987288941,112126400
2016-04-26,23.633241653442383,23.848399181793788,23.53359140072951,23.53359140072951,224064800
2016-04-27,22.15431785583496,22.355885320885914,21.66964982437439,21.742123500258902,458408400
2016-04-28,21.477144241333008,22.167908665636226,21.34578514879612,22.106759696577427,328970800
2016-04-29,21.230281829833984,21.452233482661203,20.951711779266073,21.28690195548378,274126000
2016-05-02,21.207630157470703,21.307282112901614,20.926794870603057,21.282369124043885,192640400
2016-05-03,21.55640983581543,21.683238338036464,21.21668915237302,21.334458229019873,227325200
2016-05-04,21.332195281982422,21.71947666489431,21.24839688894312,21.5609393046504,164102000
2016-05-05,21.2456111907959,21.434734920892943,21.11801047575662,21.418784831513033,143562000
2016-05-06,21.127119064331055,21.293455415162843,20.92888080536488,21.275227988494596,174799600
2016-05-09,21.143075942993164,21.366377202684173,21.097503015606634,21.190926212926954,131745600
2016-05-10,21.286623001098633,21.320802256007195,20.988127767650703,21.26611649121097,134747200
2016-05-11,21.079273223876953,21.320803627490353,21.06787955869815,21.300297116283584,114876400
2016-05-12,20.584819793701172,21.140797351688654,20.386583204873755,21.127126342370754,305258800
2016-05-13,20.625835418701172,20.887874118255745,20.50734927667825,20.50734927667825,177571200
2016-05-16,21.391441345214844,21.507650134118606,20.883315821127283,21.05193130218317,245039200
2016-05-17,21.30257225036621,21.57828188250692,21.19320072507569,21.54410436737179,187667600
2016-05-18,21.5463809967041,21.694489931630287,21.39371563938697,21.455238641453214,168249600
2016-05-19,21.464353561401367,21.56461224798511,21.32080277341668,21.56461224798511,121768400
2016-05-20,21.696775436401367,21.744625708605128,21.53727279062599,21.56461654835507,128104000
2016-05-23,21.972471237182617,22.145644783025954,21.79929769133928,21.844870592049848,152074400
2016-05-24,22.307435989379883,22.350728093988742,22.065903839115222,22.152491525191518,140560800
2016-05-25,22.69935417175293,22.726696187300238,22.355285989205374,22.48288669757087,152675200
2016-05-26,22.87936782836914,22.952282781619083,22.476055635057268,22.713029667726982,225324800
2016-05-27,22.865694046020508,22.893037804164504,22.6150490142039,22.658342863324513,145364800
2016-05-31,22.754037857055664,22.877082131035774,22.51706389291943,22.694793931414328,169228800
2016-06-01,22.435041427612305,22.681130052911005,22.405420324697143,22.562642164391043,116693200
2016-06-02,22.26642417907715,22.293766198575085,22.018056491917253,22.23908042114969,160766400
2016-06-03,22.311994552612305,22.391745003940326,22.204900344359192,22.282373453098884,114019600
2016-06-06,22.473772048950195,23.216594181455072,22.227685217578443,22.32794217168202,93170000
2016-06-07,22.564912796020508,22.75631556794565,22.54896270989583,22.61504213482064,89638000
2016-06-08,22.544404983520508,22.68567667004546,22.485161064871615,22.56263241058802,83392400
2016-06-09,22.70618438720703,22.783655731119804,22.4350312066546,22.444145789190607,106405600
2016-06-10,22.519338607788086,22.63782469767143,22.439588187825375,22.450980111575035,126851600
2016-06-13,22.17983055114746,22.58542169569288,22.125144788343775,22.487442095687204,152082000
2016-06-14,22.207172393798828,22.439589907996815,22.04539246135026,22.175272223368346,127727600
2016-06-15,22.134262084960938,22.423644497893772,22.109197411764256,22.289206547254377,117780800
2016-06-16,22.22768211364746,22.273253292019113,21.890449483038555,21.977035417316305,125307200
2016-06-17,21.721832275390625,22.02260654816734,21.714996773032112,22.015771045808826,244032800
2016-06-20,21.669435501098633,22.00438920403934,21.653485407550495,21.874509374167417,137647600
2016-06-21,21.853994369506836,21.954251316406683,21.573726562077685,21.63297048872019,142185600
2016-06-22,21.771970748901367,22.077301571930082,21.72639781666824,21.931471665643294,116876400
2016-06-23,21.89728546142578,21.940579298719243,21.70360534149718,21.86082886562265,128960800
2016-06-24,21.28207015991211,21.569173515659553,21.111175595038773,21.170419530955098,301245600
2016-06-27,20.972177505493164,21.202315965632827,20.849133231906485,21.190922301282,181958400
2016-06-28,21.325355529785156,21.341307353025577,20.994960170790478,21.168133761908027,161779600
2016-06-29,21.50992774963379,21.544107007386295,21.33447503777124,21.411948137905544,146124000
2016-06-30,21.783357620239258,21.822093299821137,21.48714145243588,21.51904162837733,143345600
2016-07-01,21.849437713623047,21.981596582765608,21.721837005998097,21.758293605992687,104106000
2016-07-05,21.644359588623047,21.737782758376927,21.5235944089345,21.735503678072735,110820800
2016-07-06,21.767406463623047,21.79702929584953,21.503090484737402,21.555497169027284,123796400
2016-07-07,21.86082649230957,21.988427171411196,21.787911570190232,21.806138996898415,100558400
2016-07-08,22.029447555541992,22.07729782243793,21.885896754854173,21.98615371188072,115648400
2016-07-11,22.097801208496094,22.250466560475083,22.040836369241642,22.045392791473265,95179600
2016-07-12,22.19805908203125,22.261859426545215,22.129702315093002,22.141094240368208,96670000
2016-07-13,22.072742462158203,22.25502895362166,22.065905219332965,22.195786756571472,103568800
2016-07-14,22.510223388671875,22.555794559238354,22.175269895879197,22.19121997942034,155676000
2016-07-15,22.507944107055664,22.62643193095341,22.444143773462432,22.539844273852278,120548000
2016-07-18,22.747203826904297,22.81556060236729,22.46693600606127,22.48972159788227,145975600
2016-07-19,22.756309509277344,22.785930593214246,22.635542616853332,22.68567194230697,95119600
2016-07-20,22.776824951171875,22.890754648849864,22.726695606044885,22.78593953559762,105104000
2016-07-21,22.656057357788086,23.013796501190217,22.587698851026794,22.74720145399346,130808000
2016-07-22,22.48061180114746,22.626441694697156,22.400859611312615,22.617327109046617,113254800
2016-07-25,22.17983055114746,22.52161961092135,22.084130031633748,22.387183415189565,161531600
2016-07-26,22.02716636657715,22.32338426293091,21.970201520234436,22.061345622068604,224959200
2016-07-27,23.458127975463867,23.777131529941126,23.412556784151196,23.75890235804425,369379200
2016-07-28,23.77484893798828,23.799913611037777,23.428503415240453,23.43078249599839,159479200
2016-07-29,23.745223999023438,23.822697086391937,23.624458814835958,23.74066757667422,110934800
2016-08-01,24.164485931396484,24.187271519812555,23.79079671840026,23.79079671840026,152671600
2016-08-02,23.806745529174805,24.169041059345936,23.697372276834557,24.164484637278324,135266400
2016-08-03,24.105239868164062,24.11663179214504,23.872822367063407,23.881936949305473,120810400
2016-08-04,24.254154205322266,24.28393576146537,24.11898799361885,24.187716812837056,109634800
2016-08-05,24.62299156188965,24.66193707127502,24.325169053757037,24.345786647721216,162213600
2016-08-08,24.826889038085938,24.826889038085938,24.549685824604097,24.63215796233773,112148800
2016-08-09,24.927688598632812,24.957471902628445,24.74441466042447,24.79481556148187,105260800
2016-08-10,24.74212074279785,24.948305431890425,24.687138741655264,24.904777067569132,96034000
2016-08-11,24.72608757019043,24.95518131150681,24.70775965140195,24.861252038600757,109938000
2016-08-12,24.78336524963379,24.84293012197347,24.691727387845084,24.691727387845084,74641600
2016-08-15,25.081188201904297,25.094933269611673,24.760456555239635,24.77420162294701,103472800
2016-08-16,25.058273315429688,25.2530043978627,25.019327798081715,25.115546751946088,135177600
2016-08-17,25.02161407470703,25.055978479112913,24.820010501043836,24.99412220161308,101424000
2016-08-18,24.989538192749023,25.10866613328697,24.975791383876405,25.02390259316155,87938800
2016-08-19,25.053693771362305,25.129295131759978,24.824600011015427,24.91852754387737,101472400
2016-08-22,24.858963012695312,24.99412748465648,24.70776030048799,24.939145474693174,103280800
2016-08-23,24.936853408813477,25.044527746957115,24.86354348145878,24.877288546635743,85030800
2016-08-24,24.748994827270508,24.913942588893782,24.66881237310542,24.872705648487965,94700400
2016-08-25,24.64362144470215,24.714639967565766,24.439728090544527,24.602384488364255,100344800
2016-08-26,24.499282836914062,24.73066623435003,24.35495267551242,24.606957164357713,111065200
2016-08-29,24.4717960357666,24.613834800036564,24.350376619335105,24.425977981664925,99881200
2016-08-30,24.283937454223633,24.398484329007708,24.16939057943956,24.238119403448643,99455600
2016-08-31,24.306846618652344,24.414520961220756,24.201463702989773,24.206046556801446,118649600
2016-09-01,24.451175689697266,24.46721218161649,24.196881497944915,24.316009473938212,106806000
2016-09-02,24.680274963378906,24.742129518121565,24.471798773843027,24.673400681432458,107210000
2016-09-06,24.673397064208984,24.810854717435326,24.62987043867753,24.719216864566654,107521600
2016-09-07,24.824602127075195,24.916239988594533,24.529070941294915,24.703182703396976,169457200
2016-09-08,24.17397117614746,24.574885229446362,24.109825207275087,24.570304123604007,212008000
2016-09-09,23.62643814086914,24.21979187060213,23.62643814086914,23.972370197635943,186228000
2016-09-12,24.1556453704834,24.219791340326505,23.488981724228417,23.51647360323829,181171200
2016-09-13,24.730670928955078,24.923110598072498,24.568014567543866,24.629870862128524,248704800
2016-09-14,25.605806350708008,25.894464950249958,24.879579620064657,24.909362924653756,443554800
2016-09-15,26.47636604309082,26.513021884030763,25.999850597951735,26.08461591924033,359934400
2016-09-16,26.327455520629883,26.604658771448115,26.12585363308392,26.373275323149475,319547600
2016-09-19,26.020469665527344,26.616113091620228,25.944868305287013,26.389310758745914,188092000
2016-09-20,26.018171310424805,26.144173543940205,25.775332548936447,25.899043356066237,138057200
2016-09-21,26.013595581054688,26.11439564085053,25.759301382936105,26.082322656209136,144012800
2016-09-22,26.258731842041016,26.33204178772739,26.11669305759061,26.196875537583995,124296000
2016-09-23,25.82115936279297,26.297674837824704,25.555411490694333,26.21290951121863,209924800
2016-09-26,25.86009979248047,25.97693808498759,25.55540645783113,25.57602405470779,119477600
2016-09-27,25.90821075439453,25.928830100301912,25.736390445834793,25.887593156333715,98429600
2016-09-28,26.1052303314209,26.263305567441613,25.98610235860507,26.045667218936227,118564400
2016-09-29,25.699731826782227,26.070864257095547,25.612676848344105,25.924244426122787,143548000
2016-09-30,25.899045944213867,25.972355865263516,25.61267879201268,25.763879739494786,145516400
2016-10-03,25.777629852294922,25.899051016800733,25.722647837700507,25.821158227265812,86807200
2016-10-04,25.887592315673828,26.187704552234916,25.802827003645554,25.90133738060136,118947200
2016-10-05,25.899045944213867,26.038793254315756,25.816572064552215,25.979228397260922,85812400
2016-10-06,26.09148597717285,26.1945774613045,25.91737424491938,26.04795760714785,115117200
2016-10-07,26.13043785095215,26.244984749120935,26.00443731167466,26.187711300036543,97433600
2016-10-10,26.58633041381836,26.74669533984366,26.28163530652368,26.350362382885976,144944000
2016-10-11,26.64360237121582,27.1911362640301,26.620691599187904,26.96433220544857,256164000
2016-10-12,26.881855010986328,27.028476592960683,26.746690561462074,26.88414643747635,150347200
2016-10-13,26.799379348754883,26.90476223139379,26.51072082370723,26.755850990417443,140769600
2016-10-14,26.94829559326172,27.072006420704078,26.833748725020254,27.00556902738245,142608800
2016-10-17,26.92996597290039,26.99640160986492,26.753562839612247,26.879565077675206,94499600
2016-10-18,26.911645889282227,27.08117479250557,26.9070630350118,27.074302258946716,98214000
2016-10-19,26.83145523071289,26.978075061385127,26.070864203658324,26.861236782996038,80138400
2016-10-20,26.81771469116211,26.89102462364147,26.650477226996685,26.771896638805003,96503200
2016-10-21,26.712329864501953,26.783350112783413,26.639019937258844,26.76043934039463,92770800
2016-10-24,26.952877044677734,26.973494640922336,26.803965774141002,26.826874797028253,94154800
2016-10-25,27.090333938598633,27.11553438906691,26.874985270177547,27.02160511953125,192516000
2016-10-26,26.48094367980957,26.5061441301924,25.958610249777237,26.187703982096433,264536800
2016-10-27,26.226655960083008,26.54280473829721,26.139599207528576,26.435130385093643,138248000
2016-10-28,26.05254554748535,26.39389479823127,25.990689246651762,26.08690996485436,151446800
2016-10-31,26.011302947998047,26.169378184862182,25.933410169019165,26.036503398740056,105677600
2016-11-01,25.54166603088379,26.0639995898348,25.32173620331741,25.992981074598433,175303200
2016-11-02,25.564571380615234,25.738683124487448,25.482099236514344,25.521044755532166,113326800
2016-11-03,25.290544509887695,25.66588382884695,25.226069216502793,25.555355256421397,107730400
2016-11-04,25.062578201293945,25.38725964409757,24.89448213712963,24.99119508556555,123348000
2016-11-07,25.42410659790039,25.447133242057223,25.20534908635963,25.348117091044536,130240000
2016-11-08,25.573780059814453,25.72575906993961,25.26061278757501,25.4010775974833,97016800
2016-11-09,25.532337188720703,25.63365655178101,24.880674418259332,25.30206718672597,236705600
2016-11-10,24.82080078125,25.580690643591737,24.36947184170158,25.580690643591737,228538000
2016-11-11,24.968168258666992,25.06948758874479,24.535261428296625,24.666515216433712,136575600
2016-11-14,24.341840744018555,24.82540737785127,23.966501287964054,24.80238072992031,204702000
2016-11-15,24.664220809936523,24.795474644822434,24.44546500406692,24.539874794230805,129058000
2016-11-16,25.327394485473633,25.38266054531642,24.546779397604602,24.56980604412884,235362000
2016-11-17,25.318178176879883,25.410286500520794,25.06027697886951,25.285940527128584,110528000
2016-11-18,25.3435115814209,25.454041936730885,25.25140500161971,25.265220637225806,113715600
2016-11-21,25.72806167602539,25.787930596694206,25.331997090331967,25.35732692477656,117058400
2016-11-22,25.74418067932129,25.88694692155281,25.652072349507886,25.77871976578358,103862000
2016-11-23,25.61292839050293,25.67740369812785,25.405685075408282,25.64286285280868,109705600
2016-11-25,25.74188232421875,25.76030434500653,25.548454619588256,25.589903287950463,45903600
2016-11-28,25.691221237182617,25.89846456763348,25.649772571092445,25.658983580981428,108776000
2016-11-29,25.665891647338867,25.797145465089997,25.345816517089258,25.50930799135326,114115200
2016-11-30,25.449440002441406,25.836293678421285,25.391872501592143,25.698132027747196,144649200
2016-12-01,25.212251663208008,25.546144082949098,25.106327716648067,25.414890306035694,148347600
2016-12-02,25.30666732788086,25.350417422829416,25.064883182701955,25.13856949489034,106112000
2016-12-05,25.124752044677734,25.336599957307254,24.926719765578795,25.32969214054196,137298000
2016-12-06,25.318178176879883,25.41258969173736,25.143174294464316,25.214557410796452,104782000
2016-12-07,25.566869735717773,25.603713767343134,25.13626609622214,25.15929273757793,119994800
2016-12-08,25.81787109375,25.889254226207107,25.467859736213335,25.52773042362734,108273200
2016-12-09,26.239261627197266,26.411964099750527,25.86161902775977,25.86161902775977,137610400
2016-12-12,26.089588165283203,26.48104640947774,25.90306829593507,26.0872849736857,105497600
2016-12-13,26.524795532226562,26.692891608292033,26.193206249175397,26.213929700955966,174935200
2016-12-14,26.524795532226562,26.75736691181415,26.476439054584976,26.490254689105356,136127200
2016-12-15,26.66986656188965,26.87941306770243,26.53400812945132,26.56854721782014,186098000
2016-12-16,26.70440673828125,26.826449532315554,26.630720423572594,26.819541714814793,177404400
2016-12-19,26.85869026184082,27.029089554719874,26.653750120681007,26.665264322381432,111117600
2016-12-20,26.930072784423828,27.056721972983006,26.86790066438054,26.881716300652275,85700000
2016-12-21,26.955400466918945,27.03369316544668,26.890925160378657,26.895531543314586,95132800
2016-12-22,26.77808952331543,26.828749187403886,26.62841372218683,26.791905156495886,104343600
2016-12-23,26.8310546875,26.8310546875,26.61690355665161,26.61690355665161,56998000
2016-12-27,27.00145721435547,27.125803209159262,26.824148353371736,26.831056171390763,73187600
2016-12-28,26.886320114135742,27.17645898903331,26.757367746249844,27.06132401291895,83623600
2016-12-29,26.879413604736328,26.96691555838618,26.803424095165973,26.81493653924547,60158000
2016-12-30,26.66986656188965,26.98763847262534,26.58006141848999,26.86099104935882,122345200
2017-01-03,26.745853424072266,26.78730208283485,26.425778353502388,26.665259297817293,115127600
2017-01-04,26.715919494628906,26.82875303786345,26.653747379573833,26.67677402378607,84472400
2017-01-05,26.85177993774414,26.90934742723303,26.667563268651545,26.692893104572285,88774400
2017-01-06,27.1511287689209,27.20869625243724,26.819539501684314,26.890922619062124,127007600
2017-01-09,27.399824142456055,27.50114349478166,27.15804172007064,27.160343154935852,134247600
2017-01-10,27.427461624145508,27.489633755187445,27.240943474198904,27.3491689055074,97848400
2017-01-11,27.574825286865234,27.616273946295752,27.310014504771377,27.342252155792867,110354400
2017-01-12,27.459697723388672,27.47121192621061,27.220216710621976,27.37910357409716,108344800
2017-01-13,27.41133689880371,27.54489390040559,27.358374033747648,27.427455726112875,104447600
2017-01-17,27.63239097595215,27.687655265994422,27.222510790900074,27.25014205751116,137759200
2017-01-18,27.630088806152344,27.74752696405092,27.565613505916318,27.632391997395107,94852000
2017-01-19,27.581737518310547,27.653120648879817,27.48732774144349,27.494235559650775,102389200
2017-01-20,27.63239097595215,27.736011739383926,27.5702188692571,27.736011739383926,130391600
2017-01-23,27.65081787109375,27.818913962042,27.57943298717096,27.632395852222036,88200800
2017-01-24,27.625490188598633,27.655424653984163,27.517263015313226,27.528777217211033,92844000
2017-01-25,28.065305709838867,28.115965388659937,27.69687407771373,27.729111735723393,129510400
2017-01-26,28.079116821289062,28.194251790368554,28.0008241287685,28.016942954166822,105350400
2017-01-27,28.081422805786133,28.17353114733806,28.00082866573588,28.12517466330791,82251600
2017-01-30,28.007732391357422,28.007732391357422,27.784372023519055,27.8465441348101,121510000
2017-01-31,27.94325828552246,27.952469294408267,27.775162204612315,27.89720499791373,196804000
2017-02-01,29.647258758544922,30.047929772891518,29.24658950101878,29.25119412743658,447940000
2017-02-02,29.596599578857422,29.794631897723733,29.423897097763813,29.469952146814403,134841600
2017-02-03,29.723257064819336,29.748586909662734,29.51140905051178,29.545948150915528,98029200
2017-02-06,30.001873016357422,30.050231256335138,29.68179789677811,29.734762520001542,107383600
2017-02-07,30.287412643432617,30.4163632805029,30.0387206232365,30.05944407984251,152735200
2017-02-08,30.404848098754883,30.446298524273466,30.216028533022655,30.24596475625045,92016400
2017-02-09,30.624544143676758,30.631481909524343,30.32389468441096,30.446466586216637,113399600
2017-02-10,30.555166244506836,30.744807941745723,30.538979298745115,30.63380014736456,80262000
2017-02-13,30.825756072998047,30.948331542097435,30.700872719724458,30.777191696842994,92141600
2017-02-14,31.225849151611328,31.24203609878774,30.816503242407816,30.867382554461336,132904800
2017-02-15,31.339170455932617,31.51493664705215,31.13334178123319,31.341485397736633,142492400
2017-02-16,31.302175521850586,31.429370303188215,31.184226393800735,31.376179565781097,90338400
2017-02-17,31.387731552124023,31.413171204328783,31.244346346355687,31.244346346355687,88792800
2017-02-21,31.6143741607666,31.62593828090371,31.447860711639493,31.505677783451016,98028800
2017-02-22,31.709197998046875,31.71150941074283,31.477929688974655,31.551933712863104,83347600
2017-02-23,31.575063705444336,31.79476790546571,31.52187297949432,31.771643190601353,83152800
2017-02-24,31.60512351989746,31.60512351989746,31.28597216902242,31.43167231248691,87106400
2017-02-27,31.667572021484375,31.785521133063103,31.517249012418116,31.71613992546529,81029600
2017-02-28,31.681440353393555,31.785510365097114,31.614370581516106,31.702253649959545,93931600
2017-03-01,32.3289909362793,32.412247657275685,31.82251637316461,31.889582620887936,145658400
2017-03-02,32.137046813964844,32.442319156734115,32.09079032756467,32.377564310423224,104844000
2017-03-03,32.32667922973633,32.33824334927274,32.05146941758944,32.09541095450349,84432400
2017-03-06,32.22493362426758,32.324380857751315,32.05379729003433,32.231871393013506,87000000
2017-03-07,32.266544342041016,32.372925751356725,32.09771599385279,32.16015940385218,69785200
2017-03-08,32.146297454833984,32.331312822219466,32.10467084983143,32.1347333327084,74828800
2017-03-09,32.072296142578125,32.097735804659074,31.695331095765436,32.08617520915662,88623600
2017-03-10,32.17868423461914,32.22956356366392,32.063050037494754,32.20412389914153,78451200
2017-03-13,32.192543029785156,32.245733744711835,32.10466348531365,32.111601251222616,69686800
2017-03-14,32.14398193359375,32.296616327969346,32.109289571651075,32.215674541184775,61236400
2017-03-15,32.483951568603516,32.55101783239167,32.15323601777822,32.241119113457266,102767200
2017-03-16,32.53712844848633,32.61344738927058,32.43768127272265,32.54406621320551,76928000
2017-03-17,32.37525939941406,32.60883917559597,32.352131151569246,32.60883917559597,175540000
2017-03-20,32.7152099609375,32.72445913873168,32.4307474573171,32.47006263847124,86168000
2017-03-21,32.34056091308594,33.02511669068808,32.31512125681653,32.86554098580492,158119600
2017-03-22,32.70596694946289,32.747597084061425,32.322060673038834,32.342877504775444,103440800
2017-03-23,32.5903205871582,32.74295847543759,32.51862799599244,32.66895094334818,81385200
2017-03-24,32.52557373046875,32.77997027326692,32.458507475844264,32.7244646105998,89582400
2017-03-27,32.58108901977539,32.659719418464164,32.058420246299406,32.236497878874204,94300400
2017-03-28,33.256370544433594,33.311872658425536,32.52093577418366,32.58800553375455,133499200
2017-03-29,33.33039093017578,33.41596261278299,33.11531307494282,33.22863229931837,116760000
2017-03-30,33.28645706176758,33.41828173548406,33.18701334977137,33.34658910053321,84829200
2017-03-31,33.224002838134766,33.365076633853526,33.073676334799764,33.23787837068514,78646800
2017-04-03,33.23326110839844,33.33039339169721,33.082938092814025,33.23557605037279,79942800
2017-04-04,33.480712890625,33.50846395747771,33.11068219784257,33.12918408536911,79565600
2017-04-05,33.3072624206543,33.640289345938676,33.25869452368603,33.35351537608284,110871600
2017-04-06,33.224002838134766,33.42289370539606,33.17543494533447,33.36969945878765,84596000
2017-04-07,33.150001525878906,33.344266075859544,33.13381457781785,33.240196033289536,66688800
2017-04-10,33.110679626464844,33.274881659964585,33.04823620202139,33.210126823087656,75733600
2017-04-11,32.75453567504883,33.1523174967134,32.391442692359455,33.057496631681495,121517600
2017-04-12,32.79383850097656,32.874780271017244,32.611134607612726,32.74758555682854,81400000
2017-04-13,32.62039566040039,32.92798293455409,32.62039566040039,32.81928654711352,71291600
2017-04-17,32.800777435302734,32.81234155397029,32.57875835505578,32.71983213350341,66328400
2017-04-18,32.65508270263672,32.849347224425514,32.63426940291809,32.70365059752099,58790000
2017-04-19,32.53481674194336,32.84009253542777,32.481626030850855,32.812341473792294,69313600
2017-04-20,32.94185256958008,33.05286034983566,32.645829469649385,32.65970500107212,93278400
2017-04-21,32.90254592895508,32.997363261249184,32.8054136549071,32.941861121150126,69283600
2017-04-24,33.21939468383789,33.29108732720819,33.11300966121117,33.18701724719079,68537200
2017-04-25,33.425209045410156,33.51077719210791,33.27257111167275,33.28182382037621,75486000
2017-04-26,33.22862243652344,33.441392344548845,33.15924478050825,33.411326341026495,80164800
2017-04-27,33.25407409667969,33.339645784792786,33.14306627809032,33.28414011106064,56985200
2017-04-28,33.2216796875,33.37200615368835,33.13380016010526,33.3234382728895,83441600
2017-05-01,33.89931869506836,34.04270395775344,33.5246650583104,33.557042489525585,134411600
2017-05-02,34.11438751220703,34.24852355694448,33.95943816627095,34.12132527927324,181408800
2017-05-03,34.01030731201172,34.10975449169437,33.365070465587735,33.67034271188159,182788000
2017-05-04,33.88774108886719,34.02881488208259,33.721227643469526,33.88542967644114,93487600
2017-05-05,34.44972610473633,34.45434892975689,33.9409330425496,33.9409330425496,109310800
2017-05-08,35.38636779785156,35.54594351871682,34.46592078324636,34.46592078324636,195009600
2017-05-09,35.61301040649414,35.81883907325609,35.488123535633214,35.58525580803918,156521600
2017-05-10,35.444183349609375,35.60144765064016,35.178226178926415,35.529755032223434,103222800
2017-05-11,35.75071334838867,35.7785825048383,35.36986794901809,35.40237901200923,109020400
2017-05-12,36.24999237060547,36.32430184835647,35.917911815248516,35.92487821805518,130108000
2017-05-15,36.15709686279297,36.37770786054635,36.00615342839315,36.229085378997176,104038800
2017-05-16,36.103694915771484,36.24070557774728,35.92952773898997,36.21283996336312,80194000
2017-05-17,34.8914909362793,35.89469557120535,34.76609212863367,35.66943907336613,203070800
2017-05-18,35.423274993896484,35.609053998391495,35.09584344055079,35.128354500579434,134272800
2017-05-19,35.544044494628906,35.75768918542705,35.444190326040655,35.61835754018011,107843200
2017-05-22,35.760005950927734,35.897016612667926,35.509204791580785,35.76232690430899,91865600
2017-05-23,35.715885162353516,35.971328243695154,35.60209465796139,35.971328243695154,79675600
2017-05-24,35.609066009521484,35.801811481648166,35.45347705951486,35.725177483565915,76712000
2017-05-25,35.73213577270508,35.843605313747204,35.537069391041626,35.69962470909451,76942400
2017-05-26,35.671756744384766,35.81805829270953,35.60208917168536,35.762323525862016,87710400
2017-05-30,35.685691833496094,35.862179957978796,35.606736899657,35.62763610977203,80507600
2017-05-31,35.47438049316406,35.80181573933504,35.386138171936054,35.75537185288218,97804800
2017-06-01,35.5718994140625,35.6067349724756,35.348967431354566,35.569578460877615,65616400
2017-06-02,36.09904098510742,36.09904098510742,35.50455106163563,35.66478539358253,111082800
2017-06-05,35.746063232421875,35.86682011210074,35.63692174790094,35.841275455696355,101326800
2017-06-06,35.86682891845703,36.18265222816433,35.7112399888613,35.7391056050753,106499600
2017-06-07,36.08047103881836,36.22212715034009,35.87379279841193,35.999195149432616,84278400
2017-06-08,35.99222946166992,36.119949225164746,35.855215254172016,36.05260614156639,85003200
2017-06-09,34.596561431884766,36.038666982496004,33.909183735883566,36.038666982496004,259530800
2017-06-12,33.76985168457031,33.92544059310496,33.094082235331136,33.8441647090024,289229200
2017-06-13,34.041561126708984,34.24127300390154,33.70715951434555,34.173929908036584,136661600
2017-06-14,33.709476470947266,34.25287719776067,33.40294054703805,34.25287719776067,126124800
2017-06-15,33.5074348449707,33.55155775523504,33.02441441533913,33.28218193117425,128661600
2017-06-16,33.03836441040039,33.55622066447751,33.02210710092209,33.38901983513074,201444400
2017-06-19,33.983497619628906,34.076388903736074,33.36114196159167,33.36114196159167,130165600
2017-06-20,33.674644470214844,34.10657924464875,33.658390708347625,34.10657924464875,99600400
2017-06-21,33.874359130859375,33.9208065536216,33.58175950203796,33.79308322790719,85063200
2017-06-22,33.818626403808594,34.06710309612845,33.70019044179757,33.85113747224597,76425200
2017-06-23,33.969573974609375,34.173931311321,33.69787353926749,33.70251899058579,141757600
2017-06-26,33.86274337768555,34.434009700347254,33.76056473956652,34.17624215179792,102769600
2017-06-27,33.377403259277344,33.94170686441449,33.351858593309146,33.67464834866677,99047600
2017-06-28,33.86506652832031,33.93008865798964,33.24503179961903,33.55388868726849,88329600
2017-06-29,33.36578369140625,33.702509722280126,33.04067305735441,33.604976532064576,125997600
2017-06-30,33.444740295410156,33.66303037038063,33.38900552836239,33.544594433334126,92096400
2017-07-03,33.323978424072266,33.74198025584956,33.23109070298372,33.64444708567476,57111200
2017-07-05,33.460994720458984,33.62355003161704,33.142850501232495,33.36810698363725,86278400
2017-07-06,33.145179748535156,33.32399240727423,33.07087024917093,33.212526386507434,96515200
2017-07-07,33.48189163208008,33.614260368579465,33.1846466425205,33.1846466425205,76806800
2017-07-10,33.68625259399414,33.89293082888166,33.29379533435106,33.46564155235199,84362400
2017-07-11,33.7953987121582,33.86971174179813,33.528343791700344,33.609619681498685,79127200
2017-07-12,33.84416580200195,33.94634089873578,33.63052116502008,33.874352368642334,99538000
2017-07-13,34.315582275390625,34.48278306318964,33.774502440352215,33.788435248762035,100797600
2017-07-14,34.61050033569336,34.677846962729916,34.21340115093702,34.36202366897313,80528400
2017-07-17,34.73125457763672,35.04243239726825,34.50135618621704,34.55941190824262,95174000
2017-07-18,34.85200881958008,34.86362067178961,34.52457372184604,34.647651559699575,71475200
2017-07-19,35.07029724121094,35.16318496765457,34.82181708064278,34.94489491272844,83692000
2017-07-20,34.91238784790039,35.23750201452352,34.877555832359356,35.18176724621783,68974800
2017-07-21,34.896141052246094,34.93561852555064,34.57335131787063,34.83111891463383,105010400
2017-07-24,35.318790435791016,35.40006989215876,34.810221567723865,34.96813502892486,85972800
2017-07-25,35.4697380065918,35.72518114963822,35.251447846037046,35.251447846037046,75415600
2017-07-26,35.63692855834961,35.74607006372819,35.544037270290794,35.611383897063476,63124000
2017-07-27,34.963462829589844,35.75998884493384,34.20641780692327,35.70425409948212,129905200
2017-07-28,34.71733474731445,34.88685652682671,34.64534619204657,34.80790156578718,68854800
2017-07-31,34.538509368896484,34.9100674095341,34.39917776123744,34.81020972444371,79383600
2017-08-01,34.845035552978516,34.884513007962624,34.46419026222933,34.62442457821365,141474400
2017-08-02,36.49150848388672,37.09761042983001,36.26393102083106,36.98846537701505,279747200
2017-08-03,36.126914978027344,36.50776035775641,35.999191685920664,36.47060384669994,108389200
2017-08-04,36.31734085083008,36.55188471492229,36.154785522081,36.243031362019245,82239600
2017-08-07,36.87931823730469,36.90486289808057,36.38236137229772,36.472928161695805,87481200
2017-08-08,37.17424011230469,37.580630163856476,36.75391725450724,36.83055123229838,144823600
2017-08-09,37.40182113647461,37.450589506452154,36.94898717285623,36.983819191811335,104526000
2017-08-10,36.210514068603516,37.30158368382439,36.04965041979003,37.2782687710795,163217200
2017-08-11,36.71406936645508,36.96818901629287,36.38535198361389,36.508913149953436,105028400
2017-08-14,37.26660919189453,37.35053788468499,37.01015942021377,37.14304799936353,88490800
2017-08-15,37.674591064453125,37.81446983217427,37.33421263735661,37.45544374859917,117862000
2017-08-16,37.523048400878906,37.88673814928685,37.336539834236234,37.75385315230165,110686400
2017-08-17,36.80267333984375,37.46710918957584,36.79800964605219,37.42281299194622,111762400
2017-08-18,36.7187385559082,37.185008251856246,36.5368936590769,36.80266724347307,109712400
2017-08-21,36.651126861572266,36.809656832697826,36.16154231336909,36.718734394586384,105474000
2017-08-22,37.25027847290039,37.3015684140581,36.83996250099347,36.88891881741825,86418400
2017-08-23,37.296905517578125,37.41114285393085,37.04045936367374,37.084755546287134,77596400
2017-08-24,37.13137435913086,37.47408274219169,36.96351704671926,37.40180797814586,79275600
2017-08-25,37.268924713134766,37.43211834170887,37.13137605171904,37.219964845885386,101920400
2017-08-28,37.64427947998047,37.767840649368395,37.28524986687383,37.334209744062925,103864000
2017-08-29,37.9799919128418,38.028948229742845,37.30156877694594,37.32488368037345,118067600
2017-08-30,38.08256912231445,38.2084603428615,37.91004809818634,38.18747906566275,109078400
2017-08-31,38.23411560058594,38.355346719281485,38.11288448189038,38.15018691185141,107140400
2017-09-01,38.24577713012695,38.45326702753161,38.14786090906187,38.420628287176584,66364400
2017-09-05,37.78649139404297,38.292393517744884,37.432125477758476,38.175826109776104,117874000
2017-09-06,37.746856689453125,37.99864270278832,37.42279945659071,37.933365242740834,86606800
2017-09-07,37.5953254699707,37.8238001893692,37.38550552322698,37.78882782667486,87714000
2017-09-08,36.9821891784668,37.56968654695089,36.958874266247335,37.502078993284286,114446000
2017-09-11,37.65127182006836,37.7794966770566,37.27592463362364,37.41813701003698,126323200
2017-09-12,37.502071380615234,38.22479082443765,37.014820407399995,37.9100573601444,286856000
2017-09-13,37.219974517822266,37.29224930394388,36.81432218671921,37.27126446546717,179629600
2017-09-14,36.90058517456055,37.16169507812137,36.856288982201704,37.066112489582196,95042800
2017-09-15,37.27359390258789,37.52770998723289,36.8352993291783,36.944872972530696,196458400
2017-09-18,36.99150466918945,37.41814185365583,36.835304753131595,37.32721940826826,113077600
2017-09-19,37.00548553466797,37.24794771699612,36.93787800840331,37.187330392736726,83242400
2017-09-20,36.385353088378906,36.8959153563297,35.86312981059454,36.811986678781416,211805600
2017-09-21,35.76055145263672,36.322407247035535,35.611345303642345,36.322407247035535,150046800
2017-09-22,35.41084289550781,35.49943525352264,35.10077319981049,35.3292442965621,186581600
2017-09-25,35.098453521728516,35.396865854855974,34.774396211971876,34.967898570654704,177549200
2017-09-26,35.702274322509766,35.88411923893049,35.364229468002314,35.3852107528149,146640000
2017-09-27,35.95638656616211,36.070623922187686,35.795522952065745,35.85614028917769,102016800
2017-09-28,35.73491287231445,35.968047744162725,35.599694219759755,35.87712528643613,88022000
2017-09-29,35.93074035644531,35.93307398154975,35.43649563463179,35.71859035590698,105199200
2017-10-02,35.85847091674805,36.00767707931691,35.60435478254342,35.9633808883838,74795200
2017-10-03,36.01466751098633,36.156879899456726,35.88178250782671,35.90509385639331,64921200
2017-10-04,35.78153991699219,35.870132308584026,35.54374490380764,35.81651228294703,80655200
2017-10-05,36.22682571411133,36.238483168569914,35.91442585581295,35.94473096857849,85135200
2017-10-06,36.20582962036133,36.25012579477102,36.0333086140694,36.12889472123199,69630400
2017-10-09,36.331722259521484,36.5392120657054,36.25012722318427,36.3247285009027,65051600
2017-10-10,36.345703125,36.83528748283997,36.159198186159706,36.38300553570953,62468000
2017-10-11,36.497249603271484,36.5974958486221,36.31074107248768,36.36203100738708,67622400
2017-10-12,36.3690299987793,36.68842354695349,36.30608260464513,36.45062860441081,64500400
2017-10-13,36.5998420715332,36.66744961407022,36.464623429103604,36.53922473268391,65576800
2017-10-16,37.27359390258789,37.30156894094005,36.75370072417806,36.81198442564828,96486000
2017-10-17,37.4111442565918,37.50439676017066,37.12205580372936,37.25028066416653,75989200
2017-10-18,37.24562072753906,37.467101671243675,37.20832185675938,37.39949057557953,65496800
2017-10-19,36.36436462402344,36.620814323552636,36.140557211120395,36.54387941369388,170336800
2017-10-20,36.42730712890625,36.77700927734375,36.35969961211085,36.51123578682542,95896400
2017-10-23,36.40867233276367,36.76303833231093,36.25247239626695,36.576529724267324,87937200
2017-10-24,36.625484466552734,36.70008576487536,36.415660977975,36.43664225962618,71028800
2017-10-25,36.46461486816406,36.730388397479196,36.19884133884892,36.581182267992716,84828400
2017-10-26,36.697757720947266,36.795673931407954,36.55088162657848,36.65579159797525,68002000
2017-10-27,38.012638092041016,38.1408629713092,36.998500069249204,37.13604877730256,177816800
2017-10-30,38.868228912353516,39.18296227296006,38.168824606431635,38.20845709021803,178803200
2017-10-31,39.40910339355469,39.55131575795525,38.91952246825695,39.14332987486318,144187200
2017-11-01,38.907875061035156,39.618937066593105,38.60946273695764,39.602615919526045,134551200
2017-11-02,39.192291259765625,39.28321368921502,38.53251935074372,38.84025899340612,165573600
2017-11-03,40.215755462646484,40.62607145512483,39.894028280591726,40.5654576840608,237594400
2017-11-06,40.623748779296875,40.79626985390001,40.033917876444164,40.1854541103544,140105200
2017-11-07,40.754295349121094,40.85687523414966,40.472204222647406,40.544475444184386,97446000
2017-11-08,41.087684631347656,41.087684631347656,40.64239624240402,40.71933116489338,97638000
2017-11-09,41.00374984741211,41.05503978810688,40.36495921343929,40.82423505498039,117930400
2017-11-10,40.86804962158203,41.0341719661069,40.77446188137926,40.97099827789114,100582000
2017-11-13,40.704261779785156,40.828267119235015,40.57089552595637,40.59429424176089,67928400
2017-11-14,40.088924407958984,40.58962637830053,40.05148787911344,40.48667770904722,99130000
2017-11-15,39.56014633178711,39.85027407149938,39.39636598281399,39.768382111940895,116632400
2017-11-16,40.032772064208984,40.21292866021531,39.84559299536479,40.05148675796399,94550000
2017-11-17,39.81047821044922,40.1006058239505,39.691153344565336,40.01871390001655,87598000
2017-11-20,39.770713806152344,39.9064185208818,39.672445613446854,39.84324483623426,65049600
2017-11-21,40.510074615478516,40.64109889041839,39.957898335272105,39.957898335272105,100525200
2017-11-22,40.9359016418457,40.945258987322624,40.48901252977826,40.56154356019002,102355600
2017-11-24,40.93824005126953,41.062245407058306,40.863367006944024,40.96865767179468,56106800
2017-11-27,40.732337951660156,40.963972388846834,40.55685829110314,40.956953488035985,82867200
2017-11-28,40.49369430541992,40.91484269830939,40.21058550605959,40.781479992599294,105715200
2017-11-29,39.65373611450195,40.45860366514823,39.11092070578444,40.390753077862556,166665600
2017-11-30,40.2082405090332,40.276091072784766,39.41039213828489,39.87599588057501,166108800
2017-12-01,40.021060943603516,40.16612298351584,39.424429398908984,39.763689353298346,159037200
2017-12-04,39.728599548339844,40.38840127674619,39.688824583342225,40.355645213210316,130169600
2017-12-05,39.691165924072266,40.131036155210275,39.40103821861945,39.555461202335145,109400800
2017-12-06,39.54375457763672,39.82218287193415,38.94712659859109,39.190456819322876,114240000
2017-12-07,39.616302490234375,39.878351057626205,39.52037272176273,39.548448333942154,102693200
2017-12-08,39.62799835205078,40.0093754121684,39.49931608257127,39.890050490050605,93420800
2017-12-11,40.40010452270508,40.451578851805564,39.49228843145303,39.58821818751698,141095200
2017-12-12,40.17314910888672,40.33459099273524,40.116997893734805,40.27843620743994,77636800
2017-12-13,40.3065185546875,40.6036616119481,40.24334486253051,40.360331330154146,95273600
2017-12-14,40.29481887817383,40.50773510441506,40.16145259245889,40.33693229251941,81906000
2017-12-15,40.704261779785156,40.75105564125142,40.350964020050625,40.62471185827822,160677200
2017-12-18,41.277503967285156,41.46000256744993,40.91250676695561,40.91718722520547,117684400
2017-12-19,40.8376350402832,41.03651346570218,40.732347932179394,40.952283065190386,109745600
2017-12-20,40.793182373046875,41.0435315553513,40.53581071820715,40.914845727931436,93902400
2017-12-21,40.947601318359375,41.18391626326869,40.73468866472213,40.75106491339718,83799600
2017-12-22,40.947601318359375,41.043531076785065,40.82827640894882,40.870389822807745,65397600
2017-12-26,39.90876007080078,40.11933425698644,39.70052075826751,39.96257283924499,132742000
2017-12-27,39.915794372558594,39.957907797986564,39.70755854982742,39.79880787506592,85992800
2017-12-28,40.02808380126953,40.208243932293136,39.88769863447187,40.0093655410203,65920800
2017-12-29,39.59524154663086,39.913444903186715,39.592903102369796,39.897068653071464,103999600
2018-01-02,40.304168701171875,40.3135296160415,39.60225003195517,39.81282777480597,102223600
2018-01-03,40.297149658203125,40.839968474154716,40.23397954869898,40.36734223890624,118071600
2018-01-04,40.48432922363281,40.587277867352185,40.262055690225814,40.36968122128297,89738400
2018-01-05,40.94526290893555,41.031831750925626,40.48901640769327,40.58026570794173,94640000
2018-01-08,40.793182373046875,41.08798698392758,40.694910599276334,40.793182373046875,82271200
2018-01-09,40.78849792480469,40.959297149866934,40.5732432755148,40.83997225073741,86336000
2018-01-10,40.77913284301758,40.781474856775525,40.47730939010454,40.514745908802524,95839600
2018-01-11,41.010780334472656,41.05991622716522,40.825943266073914,40.84933842009661,74670800
2018-01-12,41.43426513671875,41.49743882718429,41.09734354776063,41.22134891451,101672400
2018-01-16,41.22367858886719,41.97239102346496,41.211979231891405,41.62377017838455,118263600
2018-01-17,41.90454864501953,41.93964315265485,40.961638125023185,41.214325720283874,137547200
2018-01-18,41.94199752807617,42.13853755591909,41.70568608990156,41.96773470016605,124773600
2018-01-19,41.754817962646484,42.01686654763952,41.509145629143404,41.789912480227976,129700400
2018-01-22,41.4132080078125,41.59570660494731,41.31962026523079,41.48340059982055,108434400
2018-01-23,41.42256546020508,41.98410262756551,41.37109470075366,41.48340070616833,130756400
2018-01-24,40.76276779174805,41.4834049089433,40.52411438218777,41.471705547369424,204420400
2018-01-25,40.03510284423828,40.93355791852135,39.89939813455858,40.83060927185792,166116000
2018-01-26,40.128692626953125,40.243340638442135,39.78943262048329,40.243340638442135,156572000
2018-01-29,39.29808807373047,39.81282771637196,39.08985234497419,39.81282771637196,202561600
2018-01-30,39.06645584106445,39.16004357406714,38.535336352409104,38.7295342900257,184192800
2018-01-31,39.17408752441406,39.41040247806591,38.95649440447249,39.04306324959199,129915600
2018-02-01,39.25597381591797,39.452510199787405,39.0173204525661,39.113250200696385,188923200
2018-02-02,37.55264663696289,39.026676471320826,37.45905891452289,38.83949745629807,346375200
2018-02-05,36.614418029785156,38.343477505754464,36.49977003097488,37.22508740195526,290954000
2018-02-06,38.144615173339844,38.30605710300419,36.031839420220294,36.22603742473362,272975200
2018-02-07,37.328025817871094,38.231161135056325,37.21806186614332,38.158630124916996,206434400
2018-02-08,36.30089569091797,37.66963864747033,36.272820084061365,37.503516309901045,217562000
2018-02-09,36.74489974975586,37.092590392075465,35.295401898813765,36.89995229007209,282690400
2018-02-12,38.22494888305664,38.50216084208162,37.00332640992512,37.23590527913192,243278000
2018-02-13,38.60787582397461,38.704196688200184,37.9759220541177,38.046400822690046,130196800
2018-02-14,39.3197135925293,39.35965073484387,38.26489411950926,38.30247969864652,162579600
2018-02-15,40.6400032043457,40.66349374207075,39.702643640911546,39.888234303148494,204588800
2018-02-16,40.50843811035156,41.06991676593039,40.35338910191299,40.491995093642714,160704400
2018-02-20,40.37218475341797,40.938355795703735,40.271164333497524,40.419169411304395,135722000
2018-02-21,40.18893814086914,40.90546216900995,40.17483951865487,40.6024081083395,149886400
2018-02-22,40.52488708496094,40.865530346416314,40.33929642572378,40.36043898474452,123967600
2018-02-23,41.22966384887695,41.264901443927855,40.76920562691521,40.799747265758924,135249600
2018-02-26,42.044864654541016,42.14353351551222,41.39646774614467,41.42935736646841,152648800
2018-02-27,41.90860366821289,42.39959996000254,41.85457149250912,42.07540332108041,155712400
2018-02-28,41.84517288208008,42.43249005630509,41.82872986524554,42.112989370138706,151128400
2018-03-01,41.11220932006836,42.235159665006215,40.56248121005949,41.943849005617665,195208000
2018-03-02,41.39645767211914,41.417600226175026,40.51313051032975,40.59535633347892,153816000
2018-03-05,41.539764404296875,41.75589666087064,40.999431970512966,41.16153205911804,113605600
2018-03-06,41.5045280456543,41.875712915688,41.37766911815642,41.79583864338566,95154000
2018-03-07,41.1192512512207,41.3118930122191,40.94070811407803,41.09810869248664,126814000
2018-03-08,41.56795120239258,41.61023630841964,41.12863920562857,41.224956475367556,95096400
2018-03-09,42.28213119506836,42.28683073553249,41.673671546479305,41.80758156446404,128740800
2018-03-12,42.69089889526367,42.848299422989385,42.33616071349663,42.354951703187545,128828400
2018-03-13,42.27980041503906,43.10909220167953,42.10830475768041,42.89530783234035,126774000
2018-03-14,41.92033386230469,42.40898197931337,41.7723288485127,42.36199734174866,117473600
2018-03-15,41.969688415527344,42.343224903462456,41.833433970776106,41.93445081510891,90975200
2018-03-16,41.82167434692383,42.08009170333701,41.727701466201786,41.969675808925395,157618800
2018-03-19,41.18268585205078,41.69247678950339,40.79740588350734,41.6572391887555,133787200
2018-03-20,41.1685791015625,41.53506438389557,41.098100335414074,41.1685791015625,78597600
2018-03-21,40.23591995239258,41.13333859622522,40.23356838983998,41.1215915375593,148219600
2018-03-22,39.66740417480469,40.567170949186654,39.60867245620693,39.93756864647452,165963200
2018-03-23,38.74884033203125,39.91877519588673,38.74884033203125,39.55933735467391,164115200
2018-03-26,40.588321685791016,40.665847993277964,39.10123397243239,39.48416596813154,150164800
2018-03-27,39.54758834838867,41.14743975601389,39.213992623887194,40.802096971098365,163690400
2018-03-28,39.110618591308594,39.942261596856255,38.807564550618565,39.291513258456376,166674000
2018-03-29,39.4160270690918,40.34868696132009,39.2092902915603,39.42307458789862,153594000
2018-04-02,39.15760803222656,39.68854503990623,38.638421669404664,39.1482125349196,150347200
2018-04-03,39.55933380126953,39.64390761423454,38.734741813385234,39.38313865631738,121112000
2018-04-04,40.315799713134766,40.40976902587753,38.708900806216754,38.73474290492594,138422000
2018-04-05,40.59536361694336,40.931307318434605,40.42621598475072,40.54367941906786,107732800
2018-04-06,39.556983947753906,40.52018187700721,39.51469525092662,40.165443625813566,140021200
2018-04-09,39.94931411743164,40.66349020989333,39.90232946136302,39.90937698053834,116070800
2018-04-10,40.70107650756836,40.87727164396476,40.297002041323346,40.64234479543622,113634400
2018-04-11,40.51079177856445,40.858482557401416,40.336944596796116,40.46145555647489,89726400
2018-04-12,40.91016387939453,41.11220112545618,40.65174289558331,40.73866827270133,91557200
2018-04-13,41.048770904541016,41.30953987307731,40.84203769697408,41.06051796495608,100497200
2018-04-16,41.304847717285156,41.391769519895405,41.0722688045849,41.11925346586882,86313600
2018-04-17,41.87335968017578,42.03780774506262,41.443443148950855,41.4622377256092,106421600
2018-04-18,41.77938461303711,42.00961547654327,41.5538568743234,41.77233709524598,83018000
2018-04-19,40.59536361694336,41.20382334637826,40.562473998722545,40.82089140340053,139235200
2018-04-20,38.93207550048828,40.22417309688834,38.86394471070118,40.07851960585239,261964400
2018-04-23,38.819313049316406,39.213988427152856,38.54914502750533,39.19284587149001,146062000
2018-04-24,38.278987884521484,39.07538989520362,37.87491334848278,38.92033728806554,134768000
2018-04-25,38.445777893066406,38.861599424791336,38.15447089081557,38.20380352230031,113528400
2018-04-26,38.57969284057617,38.934431141828505,38.380003557038926,38.55619871850129,111852000
2018-04-27,38.133331298828125,38.605533017528785,37.736304314562105,38.52800672018398,142623200
2018-04-30,38.82400894165039,39.29386262956207,38.02055956548532,38.08869035766404,169709600
2018-05-01,39.72612762451172,39.74961815624155,38.826357452714966,39.09417389038745,214277600
2018-05-02,41.481040954589844,41.758252952550066,40.830292492766674,41.16623621077268,266157600
2018-05-03,41.556217193603516,41.69952273908075,40.98064703329983,41.31894232653787,136272800
2018-05-04,43.18659973144531,43.28526857020674,41.85691300893374,41.875707585559574,224805200
2018-05-07,43.499053955078125,44.08871902485771,43.40273309167816,43.50374991083004,169805600
2018-05-08,43.70814514160156,43.748082279576245,43.149018040556854,43.459123231465554,113611200
2018-05-09,44.015899658203125,44.02529515598114,43.51315628663752,43.82560946207637,92844800
2018-05-10,44.6454963684082,44.72302265798103,44.08402134819816,44.10516748877199,111957200
2018-05-11,44.4757080078125,44.82238252042017,44.206858752986456,44.68795969226866,104848800
2018-05-14,44.37193298339844,44.69738334833763,44.30354306537909,44.5747493038135,83115200
2018-05-15,43.968666076660156,44.11724188633787,43.65265100074759,44.048848361857765,94780800
2018-05-16,44.37900161743164,44.4450380927892,43.86488799085089,43.88139800932075,76732400
2018-05-17,44.098365783691406,44.55116421714171,43.949790004496656,44.33655555797642,69176000
2018-05-18,43.93800735473633,44.29175654638332,43.89555917902967,44.14554136536321,73190800
2018-05-21,44.24930191040039,44.636067492860136,44.07950203531832,44.33655888007339,73603200
2018-05-22,44.138458251953125,44.54409086890035,44.0488406556325,44.426174494172024,60962800
2018-05-23,44.421470642089844,44.4544870933376,43.80830386346207,43.94744796377781,80233600
2018-05-24,44.37193298339844,44.53465816586804,43.914420445273656,44.51815174366573,92936000
2018-05-25,44.47333526611328,44.725674408100176,44.254008962832486,44.39079237378272,69844000
2018-05-29,44.3129768371582,44.51343613465707,44.07006936758996,44.24222988370924,90056400
2018-05-30,44.21864318847656,44.3365595703125,44.04884331075102,44.27052668436617,74762000
2018-05-31,44.070072174072266,44.39080491138191,43.897915245512195,44.15261508971598,109931200
2018-06-01,44.864830017089844,44.8695440818223,44.27760509085612,44.33420625434989,93770000
2018-06-04,45.23979949951172,45.614772730208344,45.12660078050418,45.19499069863809,105064800
2018-06-05,45.58881759643555,45.73739334549217,45.364777256372655,45.532220052811184,86264000
2018-06-06,45.74683380126953,45.77041851462867,45.2610189336562,45.66429450155658,83734400
2018-06-07,45.624202728271484,45.79871665000415,45.360067616734455,45.784567261595775,85388800
2018-06-08,45.20914077758789,45.27989132749158,44.753985263930446,45.08414969878442,106627200
2018-06-11,45.09831237792969,45.272829972646605,44.85776547530793,45.12661476534434,73234000
2018-06-12,45.34592819213867,45.423753444007204,45.07943599015152,45.13603715474393,67644400
2018-06-13,44.973304748535156,45.48742201526099,44.91198952894419,45.37893736680692,86553600
2018-06-14,44.99689483642578,45.17848708337205,44.86011139313714,45.17376942021792,86440400
2018-06-15,44.53465270996094,44.84595364672595,44.3978692921571,44.81529423972038,246876800
2018-06-18,44.511070251464844,44.62426895299645,44.1478858362066,44.30825396202139,73939600
2018-06-19,43.79179000854492,43.94272284557757,43.2635232796693,43.662081258316235,134314000
2018-06-20,43.98280715942383,44.147889362033595,43.80121493729202,43.947433686908205,82514800
2018-06-21,43.737548828125,44.4191054162956,43.614914775314446,44.159687919681474,102847600
2018-06-22,43.61019515991211,43.90026845785163,43.558311662911876,43.89319376267183,108801600
2018-06-25,42.961639404296875,43.610179282154526,42.622039765218936,43.25171259662547,126652400
2018-06-26,43.49464416503906,43.98989451392018,43.04892029045532,43.15504793558925,98276800
2018-06-27,43.43095397949219,44.166750904211135,43.40029457478834,43.68329311517857,101141200
2018-06-28,43.746978759765625,43.91442160952756,43.3460637711596,43.41681432174242,69460800
2018-06-29,43.65501022338867,44.14554288450888,43.136178777490194,43.93329120310292,90950800
2018-07-02,44.14316940307617,44.17147177813843,43.25643961910087,43.35077487177182,70925200
2018-07-03,43.37437057495117,44.32477652433171,43.284752954401505,44.28704241057152,55819200
2018-07-05,43.72339630126953,43.96158971391458,43.45926473721124,43.690379855762245,66416800
2018-07-06,44.3294792175293,44.43796025980042,43.676221537946965,43.728105027214696,69940800
2018-07-09,44.94499969482422,44.968580807441185,44.64313410456217,44.6902999283178,79026400
2018-07-10,44.89076232910156,45.1100850442981,44.850667597646556,44.97566225723099,63756400
2018-07-11,44.30826187133789,44.756342693838846,44.2445860160065,44.454477036854996,75326000
2018-07-12,45.05113983154297,45.140757447737556,44.64550712464103,44.697390628909154,72164400
2018-07-13,45.121883392333984,45.24215680710404,45.02047343207802,45.062925201040784,50055600
2018-07-16,45.0228271484375,45.43317379376515,44.9072678157817,45.1666852570409,60172400
2018-07-17,45.150177001953125,45.249226320159714,44.619553341082245,44.749262066777305,62138000
2018-07-18,44.90254592895508,45.23271387754126,44.79170426889305,45.2279962158199,65573600
2018-07-19,45.25160217285156,45.40960972875177,44.73512772676942,44.73512772676942,81147200
2018-07-20,45.1478271484375,45.38129929328812,44.84831851576083,45.228009428517055,82704800
2018-07-23,45.18791580200195,45.27045870835064,44.70445791879335,44.96858946147332,63957600
2018-07-24,45.51572799682617,45.671378500253525,45.29168756835982,45.38601924397004,74791600
2018-07-25,45.94493865966797,45.9520133543751,45.38129492550352,45.52987071139773,66839600
2018-07-26,45.801082611083984,46.21378994746489,45.65958151348729,45.89541427713352,76304000
2018-07-27,45.039337158203125,46.032194609591265,44.83180678717591,45.98502877974518,96096000
2018-07-30,44.7869987487793,45.327054166940535,44.58890010095334,45.256303621710636,84118000
2018-07-31,44.87662124633789,45.31291335911361,44.65258080944883,44.878981877356686,157492000
2018-08-01,47.52030563354492,47.58162086147488,46.53216569994232,46.96138309102007,271742800
2018-08-02,48.90935516357422,49.1428308876764,47.249094143303275,47.30333466964215,249616000
2018-08-03,49.05084991455078,49.22772445882845,48.458907469980886,48.82444891452577,133789600
2018-08-06,49.30555725097656,49.34800542082201,48.8338917272411,49.053214468487354,101701600
2018-08-07,48.84332275390625,49.40696290274609,48.760779849027344,49.36451473350938,102349600
2018-08-08,48.8763427734375,49.00840855209186,48.2325203032362,48.59334416224635,90102000
2018-08-09,49.26074981689453,49.472997869054055,48.86454889473496,49.41403967695169,93970400
2018-08-10,49.11402130126953,49.48557902120588,48.9104936737248,49.07378955771502,98444800
2018-08-13,49.4311408996582,49.92339381288648,49.15424931305655,49.5352718097257,103563600
2018-08-14,49.639408111572266,49.83110202995326,49.28678360256795,49.73643952568758,82992000
2018-08-15,49.75537109375,49.87370102571761,49.303349886959445,49.51397702141606,115230400
2018-08-16,50.48427963256836,50.60024064494456,50.04645747690956,50.11272194430814,114001600
2018-08-17,51.49246597290039,51.58002898798259,50.4464295568725,50.51269404576883,141708000
2018-08-20,50.990726470947266,51.87109768021594,50.90789408938502,51.615508252096106,121150800
2018-08-21,50.89133071899414,51.40015154482209,50.65230557912929,51.30785435109778,104639200
2018-08-22,50.89370346069336,51.203727298569135,50.60734344206001,50.66887731660461,76072400
2018-08-23,50.99782943725586,51.367018204194856,50.78720232734104,50.799032430245035,75532800
2018-08-24,51.15641403198242,51.33154007828137,50.907920370155274,51.260544984454306,73905600
2018-08-27,51.577640533447266,51.76696910721527,51.19661808777822,51.39067725781233,82100400
2018-08-28,51.99416732788086,52.192960731402756,51.809572937304424,51.83087145672263,91107200
2018-08-29,52.770408630371094,52.89110745651331,51.925534903087936,52.10066086863943,109019200
2018-08-30,53.25556564331055,54.01997594606434,52.63314908356902,52.83431140009816,195175200
2018-08-31,53.870880126953125,54.164336015200355,53.485123435107745,53.605818652582734,173360400
2018-09-04,54.043636322021484,54.23769549548698,53.63421584694756,54.05547003518039,109560400
2018-09-05,53.691017150878906,54.353665430113836,53.272131830936814,54.19273847104645,133332000
2018-09-06,52.79880905151367,53.80461332013757,52.372820639044484,53.539551857299855,137160000
2018-09-07,52.37283706665039,53.336040990581004,52.23320859106,52.50300073505819,150479200
2018-09-10,51.66995620727539,52.50300006328295,51.229768650474384,52.290003987392694,158066000
2018-09-11,52.976295471191406,53.08279165453387,51.25104357870452,51.59419955220439,142996000
2018-09-12,52.318397521972656,53.24846904799571,52.02730329115404,53.23427003403245,197114800
2018-09-13,53.5821533203125,54.041273971237196,52.673380433963544,52.89820655167568,166825600
2018-09-14,52.973934173583984,53.683913646067786,52.66154508348513,53.425955304406166,127997200
2018-09-17,51.563453674316406,52.76331733842613,51.41909100904988,52.57398872003908,148780400
2018-09-18,51.64864730834961,52.502989516991164,51.383585819005404,51.542147486225396,126286800
2018-09-19,51.67940902709961,51.97523383237658,50.952865183133554,51.71017596241406,108495200
2018-09-20,52.072265625,52.60475027848478,51.8640038049603,52.12196578156135,106435200
2018-09-21,51.511375427246094,52.38701600738887,51.42380884143232,52.24975288340984,384986800
2018-09-24,52.25212097167969,52.36335137789285,51.26761884793815,51.31258479229781,110773600
2018-09-25,52.58345413208008,52.732550997350124,51.99416978895151,52.006003504013755,98217600
2018-09-26,52.1645622253418,52.95263993684514,52.008365862094074,52.30182536778894,95938800
2018-09-27,53.23663330078125,53.589257782363156,52.902942040808725,52.969210122012925,120724800
2018-09-28,53.42359161376953,53.44725543021233,53.016536415071876,53.198761885137,91717600
2018-10-01,53.78331756591797,54.294503721470214,53.56795984146107,53.946613444314615,94403200
2018-10-02,54.2613639831543,54.43175934477716,53.6342168960301,53.780944830872215,99152800
2018-10-03,54.921653747558594,55.25297609687015,54.37970066265418,54.44359983400097,114619200
2018-10-04,53.95608139038086,54.987918497825,53.657887663337085,54.61636079385546,128168000
2018-10-05,53.0804443359375,54.055485523559796,52.202438179564524,53.94898929690006,134322000
2018-10-08,52.957366943359375,53.201126259912016,52.11248968434598,52.588178215809435,118655600
2018-10-09,53.691017150878906,53.78568325427967,52.597649837383955,52.92660687302358,107564000
2018-10-10,51.203731536865234,53.56796502679298,51.13036755219829,53.357337879043975,167962400
2018-10-11,50.751708984375,51.946842063881995,50.24762591104082,50.76827690881467,212497600
2018-10-12,52.56452560424805,52.746754721279835,51.317327037082954,52.164569832970635,161351600
2018-10-15,51.44038772583008,52.498257597389845,51.419089204933876,52.33969592325769,123164000
2018-10-16,52.57398986816406,52.772786907940514,51.29839328438548,51.81194478059316,116736000
2018-10-17,52.3468017578125,52.68995787681102,51.90897951592736,52.609494380714914,91541600
2018-10-18,51.12326431274414,52.00363928676678,50.408550519609015,51.55871759140356,130325200
2018-10-19,51.90187454223633,52.36336055788579,51.456952839383014,51.606049710263214,132314800
2018-10-22,52.218994140625,52.8603439191293,51.81430782182485,52.015466526416446,115168400
2018-10-23,52.71125030517578,52.83431444512656,50.81087189308462,51.07829869399411,155071200
2018-10-24,50.90316390991211,53.066234694184615,50.77300027621806,52.68048161214551,163702000
2018-10-25,52.01784133911133,52.391764375608986,51.29602799685772,51.523223066162,119423200
2018-10-26,51.18952941894531,52.11013614750111,50.3304529551545,51.09486330644962,189033600
2018-10-29,50.22868728637695,51.99180242637242,48.77322705892924,51.87347250273323,183742000
2018-10-30,50.47954559326172,50.924463645690075,49.52580670807782,49.97072476050618,146640000
2018-10-31,51.795372009277344,52.17166028299006,51.26525267501024,51.326786543689,153435600
2018-11-01,52.59054946899414,52.62368170185567,51.3102188792331,51.84033821616022,233292800
2018-11-02,49.10219955444336,50.56239083832958,48.61704599261846,49.592087325823606,365314800
2018-11-05,47.70826721191406,48.370915637997335,46.89889080697173,48.349617114190714,264654800
2018-11-06,48.22417068481445,48.448996782971804,47.73191784473801,47.78634859013266,127531600
2018-11-07,49.68673324584961,49.71276597298876,48.30937483931791,48.7448280831522,133697600
2018-11-08,49.513370513916016,49.900469550137,49.1001442948678,49.86722171346018,101450400
2018-11-09,48.558685302734375,48.92441156528244,48.03146693327073,48.815170208722876,137463200
2018-11-12,46.11258316040039,47.461503388574435,46.02233746371556,47.2596391587509,204542000
2018-11-13,45.6518669128418,46.82742019236441,45.46662838994701,45.5093776926308,187531600
2018-11-14,44.36231994628906,46.186207990732846,44.155704967567836,46.048465879499844,243204000
2018-11-15,45.45711898803711,45.59011034254825,44.38605662645267,44.73991147050331,185915200
2018-11-16,45.96059036254883,46.30257022483374,44.99402580264635,45.24100924555052,147713200
2018-11-19,44.139068603515625,45.288497903512194,43.9324573152548,45.122258727684965,167701200
2018-11-20,42.03020477294922,43.09651653057792,41.68110061533722,42.36030964576851,271300800
2018-11-21,41.982704162597656,42.81153021281317,41.92808348913567,42.68328595925916,124496800
2018-11-23,40.9163932800293,41.93995928124868,40.87127405903531,41.545732307356154,94496000
2018-11-26,41.46974182128906,41.54811251832869,40.434304272853666,41.37949974109404,179994000
2018-11-27,41.37949752807617,41.505364622235895,40.58154566531735,40.73115914826122,165549600
2018-11-28,42.97064208984375,43.05375986988433,41.54335141276549,41.97082618812788,184250000
2018-11-29,42.640541076660156,43.41236929244246,42.201191258179286,43.37912145271232,167080000
2018-11-30,42.410186767578125,42.825786644844754,42.042083294393294,42.816285189782384,158126000
2018-12-03,43.89209747314453,43.92059459018368,43.034774172698484,43.80660249828381,163210000
2018-12-04,41.961334228515625,43.31500152005368,41.86159070426997,42.97302165192976,165377200
2018-12-06,41.49348831176758,41.50773686933884,40.4722994088251,40.790529273726726,172393600
2018-12-07,40.013954162597656,41.43886790910072,39.96883131415951,41.20138228468355,169126400
2018-12-10,40.27755355834961,40.3939191668276,38.788518040620986,39.185118502126784,248104000
2018-12-11,40.04719161987305,40.79764324437658,39.66008899286023,40.76677258535312,189126800
2018-12-12,40.1588134765625,40.8285209353053,40.13981419510096,40.46754183502088,142510800
2018-12-13,40.59815216064453,40.98288119790583,40.26567385559575,40.48891084201782,127594400
2018-12-14,39.29911804199219,40.15406769431689,39.25162164436145,40.13506841051603,162814800
2018-12-17,38.93339157104492,39.98070398320627,38.64603238784971,39.29199353840662,177151600
2018-12-18,39.43922805786133,39.78595494062072,39.040250439096134,39.27536244428323,135366000
2018-12-19,38.20906066894531,39.766965732375674,37.78158583477407,39.422612313422675,196189200
2018-12-20,37.24486541748047,38.498789039513056,36.88151275562685,38.09268708722474,259092000
2018-12-21,35.796207427978516,37.56072751526206,35.53497541336422,37.251995476406,382978400
2018-12-24,34.87001037597656,35.99094267515283,34.813012528584636,35.183489477275636,148676800
2018-12-26,37.32561111450195,37.33985967062577,34.843887332724314,35.21911501353624,234330000
2018-12-27,37.0833740234375,37.23061755574268,35.63946480198552,37.009754069156195,212468400
2018-12-28,37.10236740112305,37.64621135368628,36.703393406418876,37.40397507190618,169165600
2018-12-31,37.46097946166992,37.84570497009902,37.16174528956495,37.648591489285586,140014000
2019-01-02,37.50373077392578,37.72459429722969,36.627408207295694,36.784149594963864,148158800
2019-01-03,33.76808166503906,34.6064056330403,33.72295881640133,34.19317934017915,365248800
2019-01-04,35.20960998535156,35.27848283128066,34.15042635194018,34.323789806748884,234428400
2019-01-07,35.1312370300293,35.34497620753609,34.64914163479425,35.314101925245296,219111200
2019-01-08,35.800960540771484,36.05507191717408,35.27136857362246,35.51835204691937,164101200
2019-01-09,36.40890884399414,36.69864150293026,35.53496376531212,35.929187021597,180396400
2019-01-10,36.52528381347656,36.56565592820539,35.82707561156554,36.21655182724987,143122800
2019-01-11,36.16668701171875,36.501542638359126,35.98144849990563,36.30680629526423,108092800
2019-01-14,35.622825622558594,35.92443322747713,35.43758721922059,35.82468975058291,129756800
2019-01-15,36.3519287109375,36.427922231509605,35.63472106236991,35.686968193150925,114843600
2019-01-16,36.79601287841797,37.01924988238542,36.33529031682422,36.354289596283365,122278800
2019-01-17,37.01450729370117,37.441982116151216,36.397043258635236,36.620280311678194,119284800
2019-01-18,37.242488861083984,37.49422298571699,37.042998228056234,37.40397730943639,135004000
2019-01-22,36.40653610229492,37.221109811985436,36.24504404145378,37.14511631915699,121576000
2019-01-23,36.55378723144531,36.84351998595546,36.02656885020508,36.60840791094517,92522400
2019-01-24,36.26405334472656,36.6867774572087,36.03606917947976,36.598908937659715,101766000
2019-01-25,37.46573257446289,37.55360472379612,36.64878503179591,36.92426561509673,134142000
2019-01-28,37.11899948120117,37.12612375920128,36.49203765099391,36.99787950771421,104768400
2019-01-29,36.7342643737793,37.55359244791163,36.598899490058756,37.107118439253085,166348800
2019-01-30,39.24449157714844,39.45822714683114,38.052312966631995,38.76952042341593,244439200
2019-01-31,39.52710723876953,40.13506984718842,39.08063311282435,39.44873654918918,162958400
2019-02-01,39.546104431152344,40.13031699712782,39.405985168485806,39.65059867839811,130672400
2019-02-04,40.66939926147461,40.76676920385705,39.726581365338454,39.75745564554308,125982000
2019-02-05,41.365238189697266,41.578977394234336,40.93064275033117,41.05175909628241,144406400
2019-02-06,41.37949752807617,41.69535385122478,41.049392646908444,41.476863882454516,112958400
2019-02-07,40.59579086303711,41.30824769496477,40.45329804715444,40.94251782527925,126966800
2019-02-08,40.643497467041016,40.70312351098446,40.16887284710859,40.30482197415641,95280000
2019-02-11,40.409751892089844,40.83429258000177,40.366822896722226,40.79613104681893,83973600
2019-02-12,40.75796890258789,40.784204501347254,40.47414841763224,40.569552249159045,89134000
2019-02-13,40.5886344909668,41.137194763699675,40.526624722123245,40.87722611368674,89960800
2019-02-14,40.73650360107422,40.84621345605926,40.39782819422876,40.476534988953155,87342800
2019-02-15,40.6458740234375,40.95115902339319,40.48607669059228,40.84383289109825,98507200
2019-02-19,40.76750564575195,40.88914507060669,40.42406278544301,40.4765339806188,75891200
2019-02-20,41.02985763549805,41.33752994452727,40.78181498726989,40.8295150766272,104457600
2019-02-21,40.79852294921875,41.11096283125137,40.61726108922249,40.97501734607539,68998800
2019-02-22,41.25405502319336,41.26120985514692,40.87483437251925,40.92253446530428,75652800
2019-02-25,41.55457305908203,41.945719682081254,41.48779219461515,41.537879662607395,87493600
2019-02-26,41.578426361083984,41.80977566356522,41.30176069059117,41.43055496170665,68280800
2019-02-27,41.70722198486328,41.73822869074752,41.19682321958781,41.311307838567444,111341600
2019-02-28,41.296993255615234,41.71676290033313,41.24213831860219,41.57604632138093,112861600
2019-03-01,41.73106002807617,41.77398901650412,41.234971094746605,41.566491627202,103544800
2019-03-04,41.94095230102539,42.39410868782575,41.4925633764932,41.902790767174956,109744800
2019-03-05,41.8646240234375,41.97672124062049,41.62850365631687,41.962411577028405,78949600
2019-03-06,41.623756408691406,41.855105787205325,41.48542352798207,41.659530585044905,83241600
2019-03-07,41.14196014404297,41.60465871287591,41.0274791869895,41.46870961945666,99185600
2019-03-08,41.23974609375,41.27790762437119,40.42644621389484,40.622021328865515,95997600
2019-03-11,42.66838836669922,42.72085956762917,41.82170159746949,41.85509203085361,128044000
2019-03-12,43.14778518676758,43.5675511663907,42.780486770223504,42.930745544199205,129870400
2019-03-13,43.338592529296875,43.71781327039466,43.1501722048348,43.46738317445445,124130000
2019-03-14,43.82034683227539,43.90859580295995,43.54129753848267,43.86089208290002,94318000
2019-03-15,44.390384674072266,44.678976254213644,43.82274735566281,44.08748706861486,156171600
2019-03-18,44.843544006347656,44.931789362919865,44.311677218092875,44.31406458834656,104879200
2019-03-19,44.4881706237793,45.074892326124115,44.34268297347357,44.92224984377744,126585600
2019-03-20,44.876930236816406,45.19414111173891,44.05885931953551,44.416615452853335,124140800
2019-03-21,46.52976989746094,46.825516329115906,45.2704683808724,45.320555849510406,204136800
2019-03-22,45.56622314453125,47.149890713415324,45.50182599858827,46.589404449121496,169630800
2019-03-25,45.01527404785156,45.78802515555478,44.50487531846958,45.67592791524002,175381200
2019-03-26,44.55019760131836,46.002690934892144,44.0231053610497,45.7117155218093,199202000
2019-03-27,44.95087432861328,45.25854305952079,44.49294682904075,45.01765519484567,119393600
2019-03-28,45.01050567626953,45.2108482986207,44.726685141629694,45.065360614447535,83121600
2019-03-29,45.30386734008789,45.33487404742733,44.96757557971136,45.27524800364219,94256000
2019-04-01,45.611515045166016,45.71645376835771,44.92939332836395,45.7069152078068,111448000
2019-04-02,46.274574279785156,46.379516683711444,45.56621669256709,45.57575525688568,91062800
2019-04-03,46.59178161621094,46.86605990037226,46.06706963719681,46.09092150507348,93087200
2019-04-04,46.67287826538086,46.83505934250355,46.06469194760166,46.458222344190496,76457200
2019-04-05,46.98530960083008,47.00916146750853,46.730108456649496,46.85413161266641,74106400
2019-04-08,47.72467803955078,47.755681101848495,46.82790017839874,46.84698094558115,103526800
2019-04-09,47.58156967163086,48.380559891254,47.51717254330135,47.7771447875635,143072800
2019-04-10,47.848697662353516,47.8773206328261,47.26674699962892,47.38599906529268,86781200
2019-04-11,47.450401306152344,47.939335555847514,47.32876549622773,47.90356138801222,83603200
2019-04-12,47.431312561035156,47.73421380848301,46.796894375967724,47.510019356322424,111042800
2019-04-15,47.517181396484375,47.66505644609924,47.2262060386002,47.36215515270482,70146400
2019-04-16,47.52195358276367,48.02758123423002,47.357385131107456,47.572041057335646,102785600
2019-04-17,48.44734573364258,48.50697176693292,47.369306032753535,47.59111312973718,115627200
2019-04-18,48.6214485168457,48.69061310818153,48.30185387954341,48.44495416346428,96783200
2019-04-22,48.781253814697266,48.87904139023964,48.258929140631615,48.37579748500796,77758000
2019-04-23,49.48484420776367,49.54924135270918,48.63099884184276,48.757405760889796,93292000
2019-04-24,49.408512115478516,49.723335647068595,49.38227651790569,49.456212209442604,70162400
2019-04-25,48.96012878417969,49.55161802291001,48.921967248962424,49.329810923117755,74172800
2019-04-26,48.72639465332031,48.89334681703382,48.206453755716254,48.86949494823866,74596400
2019-04-29,48.80033493041992,49.12470072433398,48.621456815525065,48.75024745696415,88818800
2019-04-30,47.860626220703125,48.51174151592459,47.488560337719434,48.43065098025572,186139600
2019-05-01,50.209877014160156,51.35230988948973,49.90220473089384,50.05723455742813,259309200
2019-05-02,49.88312911987305,50.71789343741812,49.639857567615536,50.04769752476017,127985200
2019-05-03,50.50325393676758,50.52471843691336,50.140726608516964,50.298140221488424,83569600
2019-05-06,49.72333908081055,49.809200711588794,48.53558955444818,48.72400621236716,129772400
2019-05-07,48.382957458496094,49.47053592258207,47.898794270662066,49.1032410915402,155054800
2019-05-08,48.39247512817383,48.97442565064983,48.118196898961244,48.1539710543252,105358000
2019-05-09,47.872554779052734,48.10151673222708,46.90422848199932,47.796231701804864,139634400
2019-05-10,47.2093391418457,47.609178036306886,46.15348841724261,47.26680187205951,164834800
2019-05-13,44.46555709838867,45.365784587805166,43.77841553627042,44.94200929686372,229722400
2019-05-14,45.16946792602539,45.418465818898284,44.39134448751161,44.63076708397739,146118800
2019-05-15,45.7105712890625,45.90929252430421,44.53740178105204,44.597257442752564,106178800
2019-05-16,45.50944519042969,46.08166501987308,45.21255987117796,45.468743789558665,132125600
2019-05-17,45.25087356567383,45.7057750661255,44.714565600818894,44.755267006370964,131516400
2019-05-20,43.83589553833008,44.13757043902362,43.16311842376751,43.938849185593746,154449200
2019-05-21,44.67626190185547,45.01145210514859,44.22135673647284,44.34585752053852,113459200
2019-05-22,43.76166534423828,44.46317550697471,43.70659916562799,44.211781030181115,118994400
2019-05-23,43.01466751098633,43.22535692609775,42.571734215795686,43.048186530660814,146118800
2019-05-24,42.84946823120117,43.608437527210064,42.76566884967899,43.143957042131575,94858800
2019-05-28,42.67228698730469,43.237324443115924,42.595673658588964,42.83748915813703,111792800
2019-05-29,42.46878433227539,42.94044717291875,42.13837995674067,42.238937015968816,113924800
2019-05-30,42.689048767089844,42.91171002345526,42.29878877414538,42.60524939880032,84873600
2019-05-31,41.915714263916016,42.614827782966735,41.89656001846683,42.193441689682246,108174400
2019-06-03,41.491943359375,42.5980747635717,40.76649306788243,42.042616150312135,161584400
2019-06-04,43.00986862182617,43.05535949284863,41.78402628112911,42.004294598391965,123872000
2019-06-05,43.70421600341797,44.290804513582216,43.36902570043866,44.12081279709251,119093600
2019-06-06,44.34584426879883,44.405699905307486,43.6108152988894,43.833480166416635,90105200
2019-06-07,45.526214599609375,45.94999370524611,44.477545896123075,44.65471631575565,122737600
2019-06-10,46.10800552368164,46.77599298149099,45.87815821635535,45.92364909565006,104883600
2019-06-11,46.64192199707031,46.92683551148941,46.352222660423585,46.65389385923823,107731600
2019-06-12,46.49346923828125,46.91964111865078,46.30193045250542,46.436006506558954,73012800
2019-06-13,46.4838981628418,47.11597370565027,46.352218650285145,46.61558132869754,86698400
2019-06-14,46.14632034301758,46.34982739236637,45.56212852455843,45.86140682062975,75046000
2019-06-17,46.42165756225586,46.677841551890964,46.00985031110577,46.18462782305793,58676400
2019-06-18,47.51340866088867,47.95394531637442,46.737681866076485,46.93879594967235,106204000
2019-06-19,47.374542236328125,47.85578393485164,47.240466183129016,47.80789649873899,84496800
2019-06-20,47.75522232055664,48.03055678533823,47.41284618229886,47.97309405948639,86056000
2019-06-21,47.592430114746094,48.08803671259237,47.44159268874081,47.5972195902715,191202400
2019-06-24,47.5445556640625,47.92284393233339,47.44639148964471,47.53497671112899,72881600
2019-06-25,46.82387924194336,47.7073455597451,46.75683755347193,47.508624365019834,84281200
2019-06-26,47.836639404296875,48.12155290184591,47.2500547257955,47.35061178611295,104270000
2019-06-27,47.822265625,48.26040936812675,47.78156422634431,47.95394511635136,83598800
2019-06-28,47.38651657104492,47.764804685647896,47.17822009560668,47.568476416564636,124442400
2019-07-01,48.25563049316406,48.95953359072476,48.04014794005199,48.64349397414677,109012000
2019-07-02,48.53814697265625,48.63391821311523,48.21013915067002,48.222111012389796,67740800
2019-07-03,48.94038009643555,48.94756248298667,48.52857288544068,48.66983135867862,45448000
2019-07-05,48.89727783203125,49.100788508582276,48.57884532744974,48.68658842285855,69062000
2019-07-08,47.88930892944336,48.219709629436664,47.50383840170208,48.07845117383741,101354400
2019-07-09,48.181400299072266,48.24604176393507,47.59960154221708,47.69297620031747,82312000
2019-07-10,48.65785598754883,48.777567292500045,48.25802066740765,48.32745527012685,71588400
2019-07-11,48.30351638793945,48.93559199528535,48.293941090035496,48.67701511228483,80767200
2019-07-12,48.67462158203125,48.842216692964875,48.41125522677883,48.4711108844908,70380800
2019-07-15,49.13191604614258,49.28993219429551,48.84221307681378,48.863760235202925,67789600
2019-07-16,48.9619140625,49.34738453450296,48.72249149984719,48.98346121634714,67467200
2019-07-17,48.68658447265625,49.10317743545347,48.667430227322086,48.85417955270678,56430000
2019-07-18,49.239662170410156,49.29233544470562,48.770392177586864,48.8422197019261,74162400
2019-07-19,48.50461959838867,49.44076276284486,48.44955342792026,49.27077112361806,83717200
2019-07-22,49.613155364990234,49.61554827599075,48.74883956490333,48.758414862204624,89111600
2019-07-23,50.001007080078125,50.01776841303781,49.62990137751102,49.91002899056307,73420800
2019-07-24,49.9603157043457,50.07523753448428,49.60118178852593,49.720893093799184,59966400
2019-07-25,49.565269470214844,50.09678795373076,49.49583486785246,50.0129885793759,55638400
2019-07-26,49.7376594543457,50.21410815935007,49.59400441218691,49.6754072312038,70475600
2019-07-29,50.20213317871094,50.43198050122844,49.905251468195765,49.91004094351676,86693600
2019-07-30,49.98665237426758,50.317056746119604,49.63470084424237,49.98186289912939,135742800
2019-07-31,51.006587982177734,53.00097863500099,50.58999500539061,51.81583752155325,277125600
2019-08-01,49.90285873413086,52.2013175225248,49.49823754428213,51.2125008575506,216071600
2019-08-02,48.84701156616211,49.42401739375778,48.27479156133665,49.20853846350378,163448400
2019-08-05,46.289974212646484,47.56130789792777,46.10801431407637,47.4032917256457,209572000
2019-08-06,47.1662483215332,47.42243223605077,46.45755587635723,47.001046156589894,143299200
2019-08-07,47.6546745300293,47.77917530974308,46.4048918709798,46.7855729428345,133457600
2019-08-08,48.70574188232422,48.72968560566816,47.73847610399667,47.932407841865114,108038000
2019-08-09,48.30438232421875,48.729767784636486,47.89581454791173,48.37888473817284,98478800
2019-08-12,48.18181228637695,48.55913570914154,47.86216992838576,47.97512638824654,89927600
2019-08-13,50.22223663330078,50.98408951762822,48.181814264515985,48.31159574878954,188874000
2019-08-14,48.727359771728516,49.61418628971105,48.68890573469573,48.82589686643298,146189600
2019-08-15,48.48463821411133,49.30176654519396,47.98714860628682,48.898010052333305,108909600
2019-08-16,49.62861251831055,49.78723269268097,48.98932781591775,49.09507459883136,110481600
2019-08-19,50.55389404296875,51.12588234715276,50.476985956959155,50.618781114962545,97654400
2019-08-20,50.556297302246094,51.274892121646914,50.54668562484565,50.68127111152873,107537200
2019-08-21,51.10425567626953,51.34698995795277,50.85431171958834,51.18837344081834,86141600
2019-08-22,51.06099319458008,51.53685003904177,50.65002341946824,51.23643471626912,89014800
2019-08-23,48.7009391784668,50.96246709693238,48.30679433653748,50.33279395070405,187272000
2019-08-26,49.626216888427734,49.79444876140259,49.282539799826424,49.47480636916046,104174400
2019-08-27,49.06623840332031,50.12129694945658,48.91482789577303,49.95546709208185,103493200
2019-08-28,49.39549255371094,49.441156273048314,48.864360275642376,49.05181915815829,63755200
2019-08-29,50.23184585571289,50.30635193898806,49.66706722800578,50.109277719604904,83962000
2019-08-30,50.166961669921875,50.57792781692434,49.79684790345952,50.508233068974185,84573600
2019-09-03,49.43634796142578,49.74397297835489,49.08065722319765,49.611789494397975,80092000
2019-09-04,50.27511215209961,50.344806902391355,49.82569194490394,50.08284558735108,76752400
2019-09-05,51.25807189941406,51.42390177073253,50.83268270783798,50.950446853296846,95654800
2019-09-06,51.253257751464844,51.532044060281095,51.073008551878715,51.443122295315995,77449200
2019-09-09,51.47196960449219,52.01752496664898,50.72694165520818,51.63299180966499,109237600
2019-09-10,52.07999801635742,52.099225036483446,50.88074243182706,51.39745530418963,127111600
2019-09-11,53.73588562011719,53.76472798311342,52.327538521905325,52.409254272019126,177158400
2019-09-12,53.615726470947266,54.41603338856972,53.56045107438245,54.02669627568618,128906800
2019-09-13,52.572689056396484,53.06296532020904,52.15691521661223,52.87310442243304,159053200
2019-09-16,52.849063873291016,52.904342934889065,52.286687250476454,52.32754329567108,84632400
2019-09-17,53.04133605957031,53.07017842826459,52.661610598516674,52.86349251065767,73274800
2019-09-18,53.538814544677734,53.55804156408755,52.73850773924166,53.12784479754824,101360000
2019-09-19,53.10382843017578,53.77675595935053,52.96202958128968,53.35617442002631,88242400
2019-09-20,52.32754135131836,53.48834659405456,52.26505628460942,53.20475629070718,221652400
2019-09-23,52.56547164916992,52.834642604048994,52.30831437342142,52.6207470415799,76662000
2019-09-24,52.31553649902344,53.471538013059494,52.19777601182611,53.12065122006928,124763200
2019-09-25,53.12065124511719,53.23360772644387,52.18575868726323,52.524628131243276,87613600
2019-09-26,52.84666442871094,53.09901405388438,52.59191280094367,52.8731011259611,75334000
2019-09-27,52.58951187133789,53.10382280973313,52.21939810228417,53.002880023860584,101408000
2019-09-30,53.82722091674805,53.973823753885995,53.06296236123528,53.08939905865949,103909600
2019-10-01,53.97623062133789,54.84863804778662,53.88250117060058,54.09159276622988,139223200
2019-10-02,52.62315368652344,53.733487563158945,52.37560808292696,53.60851376014331,138449200
2019-10-03,53.0701789855957,53.10382536010926,51.70268764433087,52.495781281747504,114426000
2019-10-04,54.55783462524414,54.67319677071832,53.807999015561506,54.228580544588866,138478800
2019-10-07,54.56985092163086,55.259603442439,54.276645225102136,54.37999002003267,122306000
2019-10-08,53.93056106567383,54.81017807266463,53.91373971335013,54.27183612343445,111820000
2019-10-09,54.56262969970703,54.74528088709752,54.22856802332947,54.56262969970703,74770400
2019-10-10,55.298057556152344,55.38217532730824,54.627532058419334,54.77893891244817,113013600
2019-10-11,56.768890380859375,57.11256378651316,55.83159227355159,55.98540478852595,166795600
2019-10-14,56.68717575073242,57.230329070079826,56.39877773778656,56.45405313736609,96427600
2019-10-15,56.55500030517578,57.11497135397821,56.44925350323164,56.81215396701269,87360000
2019-10-16,56.32666778564453,56.53575933506916,56.04547949556907,56.08633553766423,73903200
2019-10-17,56.54537582397461,56.754463724015515,56.12239235171388,56.49971210622329,67585200
2019-10-18,56.81695556640625,57.09814389578318,56.307448635792866,56.37954905370019,97433600
2019-10-21,57.80231857299805,57.91768071421455,57.03566163738293,57.083727362633255,87247200
2019-10-22,57.670135498046875,58.208477458025,57.58841973582485,57.95853350048938,82293600
2019-10-23,58.44399642944336,58.45841944527722,57.97294725988833,58.18444081930115,75828800
2019-10-24,58.540138244628906,58.8333439248231,58.11474907464559,58.763645508761726,69275200
2019-10-25,59.26112747192383,59.297175843055165,58.37189886795237,58.43919160551697,73477200
2019-10-28,59.85476303100586,59.902828759965004,59.29478830404067,59.463020188987706,96572800
2019-10-29,58.470436096191406,60.022984167085156,58.29740023636161,59.83552529068843,142839600
2019-10-30,58.46323013305664,58.953510046434744,57.97055188420088,58.82372855934893,124522000
2019-10-31,59.785057067871094,59.883594183478614,57.021235828674115,59.41975464010306,139162000
2019-11-01,61.4818000793457,61.50823310726698,59.881186358924026,59.97251012339732,151125200
2019-11-04,61.885562896728516,61.969680662683295,61.37605963006652,61.84470318148446,103272000
2019-11-05,61.796634674072266,62.051386280807854,61.601966131837685,61.7774039861912,79897600
2019-11-06,61.82307815551758,61.883161230177926,61.37365793055572,61.710121681781736,75864400
2019-11-07,62.536590576171875,62.758363326737026,62.218397769161385,62.3702628523427,94940400
2019-11-08,62.70774841308594,62.78006162131691,61.914679233049654,62.35821740841793,69986400
2019-11-11,63.20430374145508,63.26938561343264,62.259369691789686,62.26418811906959,81821200
2019-11-12,63.14643096923828,63.346509678112774,62.89574039489365,63.047598060431426,87388800
2019-11-13,63.75151062011719,63.82623672348499,62.93192901918101,62.94639166135674,102734400
2019-11-14,63.31037139892578,63.850329538427395,63.18020029158952,63.57793757671805,89182800
2019-11-15,64.06246185302734,64.06728028085237,63.39956388635737,63.5610658168469,100206400
2019-11-18,64.38546752929688,64.46501204164511,63.69364434245913,64.07209319455887,86703200
2019-11-19,64.19023132324219,64.60243134404664,63.9732843310493,64.57832448794083,76167200
2019-11-20,63.44295120239258,64.13959286996739,62.770409030092004,64.00942911252466,106234400
2019-11-21,63.158504486083984,63.64061205550533,62.95842572520261,63.56347307886726,121395200
2019-11-22,63.103057861328125,63.4405316800588,62.876466720956635,63.29831083346435,65325200
2019-11-25,64.20951080322266,64.22638633771652,63.281452038993585,63.327252857545794,84020400
2019-11-26,63.7081184387207,64.39994174998013,63.27663002561703,64.3469096134178,105207600
2019-11-27,64.5638427734375,64.59759383329151,63.95397701165096,64.01905888316979,65235600
2019-11-29,64.42164611816406,64.60243651886985,64.09622192561758,64.26496257549509,46617600
2019-12-02,63.676761627197266,64.66267061513436,63.50561551871907,64.42643528388311,94487200
2019-12-03,62.541412353515625,62.560693421017824,61.779681450558876,62.266607486055904,114430400
2019-12-04,63.093441009521484,63.47189737152567,62.83792448194202,62.931939027415204,67181600
2019-12-05,64.01907348632812,64.09380694214096,63.332075950010655,63.58759242350244,74424400
2019-12-06,65.25569152832031,65.32559921087861,64.43369694330708,64.477092231049,106075600
2019-12-09,64.34210205078125,65.2773848846026,63.8575814192928,65.08454473165352,128042400
2019-12-10,64.71815490722656,65.10142973249006,64.08658749828341,64.74708019873606,90420400
2019-12-11,65.27012634277344,65.34967820606464,64.72293693578348,64.79766301561628,78756800
2019-12-12,65.43647766113281,65.70163837389192,64.43851852305019,64.54940123697496,137310400
2019-12-13,66.32597351074219,66.36213012141157,65.3087258444204,65.43648410637257,133587600
2019-12-16,67.46131134033203,67.68549695987365,66.76708259212,66.77190101970982,128186000
2019-12-17,67.59387969970703,67.92170925302658,67.20577935538249,67.39139544211973,114158400
2019-12-18,67.43238067626953,67.95305771312601,67.28292851276375,67.44684331426187,116028400
2019-12-19,67.49988555908203,67.77950886281938,67.24196357196422,67.3745402255633,98369200
2019-12-20,67.36007690429688,68.13385757058333,67.14794837558046,68.03261909048223,275978000
2019-12-23,68.45929718017578,68.5195606460034,67.58427047933793,67.62283998023321,98572000
2019-12-24,68.52437591552734,68.67383548324801,68.19895910016623,68.62562177025686,48478800
2019-12-26,69.88390350341797,69.90077903385306,68.62801534674483,68.65694062384628,93121200
2019-12-27,69.85738372802734,70.86258124508305,69.45241513604739,70.1755764887449,146266000
2019-12-30,70.27200317382812,70.55403936484663,68.75336713216096,69.77543291987965,144114400
2019-12-31,70.78544616699219,70.79267748666231,69.78989280626304,69.88872574600676,100805600
2020-01-02,72.40052032470703,72.46078378305016,71.15668166173941,71.40978524422886,135480400
2020-01-03,71.6966323852539,72.45595040957373,71.47245410922795,71.6291376132339,146322800
2020-01-06,72.26791381835938,72.30648330246464,70.56848776436438,70.81918573286022,118387200
2020-01-07,71.92805480957031,72.53309491165653,71.70869494472285,72.2775784441153,108872000
2020-01-08,73.08511352539062,73.38643082203993,71.63155918060959,71.63155918060959,132079200
2020-01-09,74.63748931884766,74.83032941641996,73.81067654984861,74.06136720541696,170108400
2020-01-10,74.80621337890625,75.37028567561227,74.30482477296201,74.87130260503702,140644800
2020-01-13,76.40440368652344,76.43092342751396,75.00388181987825,75.12200317385458,121532000
2020-01-14,75.37271118164062,76.5514679630278,75.24977872842311,76.34175230410106,161954400
2020-01-15,75.0497055053711,76.0524904138791,74.6182170498927,75.17264532410701,121923600
2020-01-16,75.98979949951172,76.10068954693726,75.23048148138665,75.5920621906251,108829200
2020-01-17,76.83110046386719,76.83350600016065,75.9319669058597,76.23810266381822,137816400
2020-01-21,76.31038665771484,76.90096392562074,76.17298425602644,76.45983880423489,110843200
2020-01-22,76.5827865600586,77.13479440317133,76.48877205760677,76.79490770076272,101832400
2020-01-23,76.95160675048828,77.03115126719418,76.0886300322076,76.63582686293465,104472000
2020-01-24,76.72984313964844,77.93993070377184,76.53940855639385,77.19748815287878,146537600
2020-01-27,74.47358703613281,75.15335327614349,73.49249613883003,74.74115326828117,161940000
2020-01-28,76.58041381835938,76.751560026989,75.25461737288055,75.35345035430926,162234000
2020-01-29,78.18339538574219,79.0294966511186,77.46987813568431,78.20991513135742,216229200
2020-01-30,78.07009887695312,78.12313101118072,76.8359045055242,77.26739289963146,126743200
2020-01-31,74.60856628417969,77.78324080814086,74.31448034488959,77.36139664518089,199588400
2020-02-03,74.40367889404297,75.56796570063159,72.85129158100523,73.35268032975995,173788400
2020-02-04,76.86001586914062,77.050450456367,75.60171457078681,76.00668324335653,136616400
2020-02-05,77.48674011230469,78.28462753135985,76.88410566550306,77.98571584340952,118826800
2020-02-06,78.39309692382812,78.395509815644,77.1998851389864,77.75671877652137,105425600
2020-02-07,77.3275375366211,78.14181565091206,76.83703724788526,77.89294126547146,117684000
2020-02-10,77.69480895996094,77.69480895996094,75.83429386411699,75.91402717049185,109348800
2020-02-11,77.22603607177734,78.2626130556721,77.00857427677795,78.19012824861761,94323200
2020-02-12,79.06001281738281,79.06484268174145,77.67549348632544,77.67549348632544,113730400
2020-02-13,78.49700164794922,78.82319807398167,78.12973294999506,78.33269781258844,94747600
2020-02-14,78.51636505126953,78.76523951540129,78.0089490191431,78.4656182863691,80113600
2020-02-18,77.07868194580078,77.25990141746018,76.01794043224491,76.19915990390432,152531200
2020-02-19,78.19498443603516,78.42453202537972,77.32029972520789,77.32029972520789,93984000
2020-02-20,77.39276885986328,78.44384294584167,76.88777163956716,77.95576130740083,100566000
2020-02-21,75.64098358154297,77.42902110600791,75.02484049800245,76.98684158821678,129554000
2020-02-24,72.04803466796875,73.49779058260468,69.88548651960743,71.82574289040825,222195200
2020-02-25,69.60760498046875,73.09910313567873,69.13643877148064,72.71733735421887,230673600
2020-02-26,70.71183013916016,71.97553646481957,69.22583207719232,69.23308056046676,198054800
2020-02-27,66.08951568603516,69.10500967174747,65.95420576749399,67.92104419759342,320605600
2020-02-28,66.05084228515625,67.27105731603613,61.94562123770189,62.160671794936235,426510000
2020-03-02,72.20024871826172,72.83572613943491,67.10435837488609,68.20617210459764,341397200
2020-03-03,69.90721130371094,73.45427795635602,69.05668336601278,73.37454464911569,319475600
2020-03-04,73.14981079101562,73.30928474411743,70.82778980651666,71.62757081642688,219178400
2020-03-05,70.77706146240234,72.3790349760971,70.41220399588842,71.40528289969257,187572800
2020-03-06,69.8371353149414,70.26964775134793,67.95245619771107,68.13850549074616,226176800
2020-03-09,64.3135757446289,67.19375264320037,63.54761831737935,63.72883776125021,286744800
2020-03-10,68.945556640625,69.21134669490523,65.08678942311583,66.96422801765549,285290000
2020-03-11,66.55101013183594,67.95002595285474,65.6884040253017,67.02460213571918,255598800
2020-03-12,59.978797912597656,65.23899494473845,59.92322498627828,61.841735279374994,418474000
2020-03-13,67.16475677490234,67.6359302649127,61.119275269390535,64.00429300943405,370732000
2020-03-16,58.52421188354492,62.60043602101579,57.9902170129729,58.46138678881957,322423600
2020-03-17,61.0975341796875,62.24525368604919,57.60362153116066,59.804833950382424,324056000
2020-03-18,59.60186004638672,60.40647473225053,57.29433197423103,57.934642818544056,300233600
2020-03-19,59.14519500732422,61.09269941838276,58.62086718026377,59.77583883377371,271857200
2020-03-20,55.39033126831055,60.84866031438535,55.09071377836536,59.72509749228031,401693200
2020-03-23,54.21360397338867,55.21152015646839,51.372084613414366,55.1100377172106,336752800
2020-03-24,59.65260696411133,59.84832336499044,56.61295251663222,57.11070131069981,287531200
2020-03-25,59.32400131225586,62.39989846973341,59.029217373030974,60.58770393527842,303602000
2020-03-26,62.445796966552734,62.50378482179249,59.526955709117544,59.5656167372231,252087200
2020-03-27,59.86040115356445,61.82481719246613,59.69367869443923,61.07094557233669,204216800
2020-03-30,61.56869125366211,61.740247254497845,60.26149432911051,60.58527581752455,167976400
2020-03-31,61.44305419921875,63.424386025978244,60.88973245903772,61.75958725464871,197002000
2020-04-01,58.210105895996094,60.0972038911912,57.78001201918498,59.56079401122782,176218400
2020-04-02,59.18143844604492,59.234596446659125,57.241182484383906,58.072376290076036,165934000
2020-04-03,58.33091354370117,59.3674871060243,57.741345715951596,58.66677342106095,129880000
2020-04-06,63.419551849365234,63.57418859482583,60.25666962435699,60.62393834693367,201820400
2020-04-07,62.68500900268555,65.64976368215225,62.58111162954673,65.43229446081726,202887200
2020-04-08,64.2894058227539,64.6035165473233,63.1199373363336,63.48478743589154,168895200
2020-04-09,64.7533187866211,65.25590475851683,63.95837493137018,64.92487847473,161834800
2020-04-13,66.0242919921875,66.13302662112467,64.23142416734326,64.83065918840516,131022800
2020-04-14,69.35871124267578,69.64866527052683,67.1840781553046,67.65525160710325,194994800
2020-04-15,68.72566986083984,69.18475770892147,67.8074941646766,68.23516945822269,131154400
2020-04-16,69.27174377441406,69.63660131632508,68.22308804264783,69.43846626880793,157125200
2020-04-17,68.33182525634766,69.33457898800233,66.89656632293641,68.78850190508753,215250000
2020-04-20,66.91344451904297,68.06116730050987,66.89411769563229,67.1599076040023,130015200
2020-04-21,64.84515380859375,66.99079338426836,64.13477293897611,66.75641592219942,180991600
2020-04-22,66.7129135131836,67.14783719048366,65.77057396314187,66.11125999851906,116862400
2020-04-23,66.4543685913086,68.07809487584751,66.41570756383898,66.65733345514633,124814400
2020-04-24,68.37287902832031,68.38254612868516,66.93037215656294,66.97870028455014,126161200
2020-04-27,68.42120361328125,68.75222988872481,67.64316798553294,68.09016996400102,117087600
2020-04-28,67.3121337890625,69.06392140300909,67.22032214952667,68.88270199466979,112004800
2020-04-29,69.52301025390625,69.99176500480674,68.59516785102663,68.79813268535943,137280800
2020-04-30,70.98968505859375,71.16607461666706,69.67282835408629,70.06184250590752,183064000
2020-05-01,69.84679412841797,72.2461373205468,69.068758508474,69.16540738463718,240616800
2020-05-04,70.83504486083984,70.96310628408554,69.18232470328076,69.8709599457229,133568000
2020-05-05,71.89820861816406,72.7294023781066,71.14916678667844,71.29414381435919,147751200
2020-05-06,72.6399917602539,73.27063178737225,72.21472783850132,72.59891211487862,142333600
2020-05-07,73.39146423339844,73.7369949485584,72.9637889533335,73.2658213930559,115215200
2020-05-08,75.1383056640625,75.19160756554702,73.72339119914562,74.05047071308249,133838400
2020-05-11,76.32061767578125,76.81486350373997,74.4380975285037,74.64646215282984,145946400
2020-05-12,75.44841766357422,77.45449582037008,75.32727766040104,77.00385116379037,162301200
2020-05-13,74.53742218017578,76.54835012163572,73.46169865336998,75.62768191190082,200622400
2020-05-14,74.99536895751953,75.05593897018935,73.0547033855626,73.7767005983549,158929200
2020-05-15,74.5519790649414,74.59801285788724,72.73487900802405,72.76880175811006,166348400
2020-05-18,76.30848693847656,76.68160011197014,75.18431187481639,75.87481117448924,135178400
2020-05-19,75.8675537109375,77.17101374486556,75.83605613168199,76.32545901161194,101729600
2020-05-20,77.34305572509766,77.41331160943199,76.68647152801736,76.72523721961544,111504800
2020-05-21,76.76642608642578,77.74523944094076,76.52898900422082,77.204952332668,102688800
2020-05-22,77.26067352294922,77.34304783651851,76.40300024409417,76.50475370458611,81803200
2020-05-26,76.73734283447266,78.55686050645615,76.68161577577496,78.37757568234818,125522000
2020-05-27,77.0716781616211,77.21704762323688,75.85543536682479,76.59439371595593,112945200
2020-05-28,77.1056137084961,78.36304756047794,76.47084126097369,76.74703662948228,133560800
2020-05-29,77.030517578125,77.80823444705406,76.67436561863036,77.34790384342566,153532400
2020-06-01,77.97781372070312,78.09895371175787,76.85363105469186,76.9844643152945,80791200
2020-06-02,78.33882904052734,78.36305852384227,77.27037315240064,77.7113246098117,87642800
2020-06-03,78.77006530761719,79.03173182452788,78.08683399477036,78.65861858793946,104491200
2020-06-04,78.0916976928711,78.8912188000404,77.71858439241902,78.59321910796065,87560400
2020-06-05,80.3158187866211,80.37638878570603,78.31216587865904,78.34123829521202,137250400
2020-06-08,80.79067993164062,80.82460267780965,79.30308470158906,80.01296326734492,95654400
2020-06-09,83.34188079833984,83.73437314923221,80.439371619184,80.47086919688729,147712400
2020-06-10,85.4860610961914,85.95365964938672,83.85067134903046,84.28919748972832,166651600
2020-06-11,81.38184356689453,85.05480894028344,81.28009011611704,84.63081897651477,201662400
2020-06-12,82.08446502685547,84.26498513269779,80.97482582626513,83.51876594974783,200146000
2020-06-15,83.09961700439453,83.75135081292053,80.5774812512651,80.73981210877636,138808800
2020-06-16,85.30193328857422,85.57329308072946,83.51875616005826,85.15172088189794,165428800
2020-06-17,85.1832275390625,86.10631378252053,85.06208753447432,86.04574378022643,114406400
2020-06-18,85.2171401977539,85.63386205994001,84.60901508072114,85.13960882948713,96820400
2020-06-19,84.73017120361328,86.38736569840516,83.62294970746999,85.92219218783181,264476000
2020-06-22,86.947021484375,87.08996579558588,85.07661960868549,85.12265339969562,135445200
2020-06-23,88.80288696289062,90.22022642343374,87.77077181014047,88.18991886652088,212155600
2020-06-24,87.2353286743164,89.35043555341034,86.86221543627708,88.4321923624518,192623200
2020-06-25,88.39341735839844,88.43218303821882,86.63204475800701,87.39038219556151,137522400
2020-06-26,85.6774673461914,88.50972079929527,85.52967271907464,88.28924513838203,205256800
2020-06-29,87.65205383300781,87.74654657742667,85.10811395697272,85.58540582946648,130646000
2020-06-30,88.38375091552734,88.66964696675093,87.22080974313869,87.240188892032,140223200
2020-07-01,88.21656036376953,89.00397030229519,88.16810880383152,88.46126551068063,110737200
2020-07-02,88.21656036376953,89.75746488824406,88.10269587070599,89.12269252080957,114041600
2020-07-06,90.57637023925781,91.04396881704737,89.61209327585406,89.64359085564888,118655600
2020-07-07,90.29534149169922,91.73206023970783,90.18389475245895,90.95434344364946,112424400
2020-07-08,92.39832305908203,92.42982064230873,91.18449788463136,91.27172253001288,117092000
2020-07-09,92.7956771850586,93.34322502819465,91.74902567498292,93.28992312553895,125642800
2020-07-10,92.95800018310547,93.01615241811884,91.78052278573126,92.39106579987347,90257200
2020-07-13,92.52916717529297,96.86840340129038,92.31595956581418,94.26146791160848,191649200
2020-07-14,94.06035614013672,94.25175199437801,90.97855460222202,91.91132657887599,170989200
2020-07-15,94.70723724365234,96.18272134953932,93.51037361994408,95.93317328027695,153198000
2020-07-16,93.54188537597656,94.39713348994569,92.94345347342261,93.58065106367306,110577600
2020-07-17,93.3529052734375,94.14758336972574,92.8804563206502,93.99252801605422,92186800
2020-07-20,95.3202133178711,95.45831468469305,93.09608481622666,93.44012565034129,90318000
2020-07-21,94.00463104248047,96.18515083470295,93.75508296201137,96.11004463336359,103433200
2020-07-22,94.26873016357422,94.94953641432485,93.6194214977863,93.70663875417605,89001600
2020-07-23,89.97793579101562,94.07973387894577,89.16872158432245,94.00220251459487,197004400
2020-07-24,89.75504302978516,90.09908386887433,86.39219558540321,88.17780532258647,185438800
2020-07-27,91.88224792480469,91.97431549086922,90.59332418129368,90.81621759974705,121214000
2020-07-28,90.37284088134766,91.63027433495853,90.36799055061977,91.45340732071803,103625600
2020-07-29,92.10514831542969,92.28928344671583,90.81864234957972,90.85498286396583,90329200
2020-07-30,93.21965789794922,93.32383652649061,90.87196403764284,91.27899267505967,158130000
2020-07-31,102.97868347167969,103.12889587437893,97.71151174507618,99.70790378289954,374336800
2020-08-03,105.5735092163086,108.19013023936542,104.56078059833798,104.85878026409463,308151200
2020-08-04,106.27853393554688,107.36879381499179,105.0404794276689,105.76247640960193,173071600
2020-08-05,106.66374206542969,106.98355335618481,105.53471667385855,105.9998974053021,121776800
2020-08-06,110.38520050048828,110.87945383007707,106.40696656350907,106.99570525966352,202428800
2020-08-07,107.87550354003906,110.363351174005,107.07939259345517,109.90704232526846,198045600
2020-08-10,109.44345092773438,110.46043507725163,106.7954093213871,109.31966296937568,212403600
2020-08-11,106.18860626220703,109.20557448641424,105.92889749318043,108.70800797992307,187902400
2020-08-12,109.71771240234375,109.97499163666492,107.08423344754698,107.27840393895296,165598000
2020-08-13,111.65945434570312,112.66187605488997,110.60848630688241,111.096349513322,210082000
2020-08-14,111.5599365234375,111.64974056440289,109.75169319709691,111.48469489954057,165565200
2020-08-17,111.26866149902344,112.70554822258934,110.64245541048665,112.68127506102117,119561600
2020-08-18,112.19583129882812,112.6205856628583,110.68613263439002,111.02108297516577,105633600
2020-08-19,112.33663177490234,113.74924556112234,112.24197605902953,112.60362178027331,145538000
2020-08-20,114.82933044433594,114.94340764743272,112.3608970952543,112.37788905057565,126907200
2020-08-21,120.74676513671875,121.22976923366335,115.77592204362502,115.78805492165831,338054800
2020-08-24,122.19091796875,125.03313705599179,120.32685470533741,124.94817728665664,345937600
2020-08-25,121.18850708007812,121.53316822878249,119.4676456893335,121.06472653687041,211495600
2020-08-26,122.8365478515625,123.29285663343889,121.43849667426107,122.50402701142234,163022400
2020-08-27,121.36812591552734,123.77102105443406,120.22492431150832,123.43850018201364,155552400
2020-08-28,121.17151641845703,122.75887903183632,120.9482136928383,122.34140581995463,187630000
2020-08-31,125.28068542480469,127.18359147972068,122.32925592705958,123.86322773941126,225702700
2020-09-01,130.27099609375,130.87294402694218,126.72733558856538,128.89236599971812,151948100
2020-09-02,127.57197570800781,133.96028524180616,123.3001648971193,133.58164753272405,200119000
2020-09-03,117.3584213256836,125.08652314181086,116.98949446613267,123.2127566068483,257599600
2020-09-04,117.43611907958984,120.09629366493147,107.65948471911047,116.57204769157234,332607200
2020-09-08,109.53326416015625,115.52351448044385,109.39734331128103,110.63034169954362,231366600
2020-09-09,113.90215301513672,115.66913123084257,111.90216871799983,113.8439033465614,176940500
2020-09-10,110.18373107910156,116.98951312845449,109.22257449751976,116.85359229498353,182274400
2020-09-11,108.73714447021484,111.87304930648419,106.79540974753245,111.23227329257654,180860300
2020-09-14,111.99925231933594,112.55264638404466,109.51383440164483,111.37789783991316,140150100
2020-09-15,112.17400360107422,115.36815776085928,110.30022950147779,114.88272413305843,184642000
2020-09-16,108.86334991455078,112.62060910915572,108.7759754111815,111.87304453196484,154679000
2020-09-17,107.12550354003906,108.93131746592069,105.5429923714999,106.52357050283204,178011000
2020-09-18,103.72745513916016,107.64975978247199,102.99930468969426,107.18374764280628,287104900
2020-09-21,106.87307739257812,106.97987339137704,100.09642017457678,101.49447149912258,195713800
2020-09-22,108.55265808105469,109.57207159281869,105.97986595474057,109.39731520243424,183055400
2020-09-23,103.99930572509766,108.84393137946276,103.65949625131259,108.36820848614498,150718700
2020-09-24,105.06726837158203,107.03812795513899,101.94107424298952,102.10611991881453,167743300
2020-09-25,109.00896453857422,109.16430684101944,104.53326629739041,105.27112741974788,149981400
2020-09-28,111.61090850830078,111.96042134324223,109.49441741099088,111.65945483814875,137672400
2020-09-29,110.76622772216797,111.95068681035575,110.26138007180892,111.21283312191778,99382200
2020-09-30,112.4361572265625,113.84391947599966,110.30996254389598,110.47500823299629,142675200
2020-10-01,113.3875961303711,114.29050304173128,112.45556438431055,114.2128318777771,116120400
2020-10-02,109.72740936279297,112.00895324338501,108.95072003519334,109.6011992914294,144712000
2020-10-05,113.10602569580078,113.2516572532297,110.24197049725645,110.59148327223437,106243800
2020-10-06,109.86334991455078,112.73711630408881,108.97985709448719,112.32934639868184,161498200
2020-10-07,111.7274169921875,112.18372583418271,110.80508856065056,111.2808188977388,96849000
2020-10-08,111.62061309814453,113.00895361392693,111.25167878876417,112.86332203954677,83477200
2020-10-09,113.56234741210938,113.59147224549314,111.57206651675105,111.92157933161523,100506900
2020-10-12,120.7759017944336,121.53317715466372,115.80505821466257,116.56233357489269,240226800
2020-10-13,117.57201385498047,121.73703494031142,116.16425940876682,121.62052821230519,262330500
2020-10-14,117.6594009399414,119.44579307201987,116.13513969852242,117.47493379758126,150712000
2020-10-15,117.19336700439453,117.6690898104226,114.70794959332586,115.26134354523187,112559200
2020-10-16,115.55260467529297,118.00890478128451,115.34872346310462,117.74676650337912,115393800
2020-10-19,112.6011962890625,116.9118422011094,112.29051903948137,116.46524411778215,120639300
2020-10-20,114.08662414550781,115.51380033230909,112.26138879057609,112.81478288268985,124423700
2020-10-21,113.46526336669922,115.25165563302974,113.05749347361974,113.27108546353527,89946000
2020-10-22,112.3779067993164,114.60119413802467,111.25169700728709,114.0283784935599,101988000
2020-10-23,111.6885757446289,113.15458745033783,110.95071451824744,112.99924512599237,82572600
2020-10-26,111.69829559326172,113.15459667058127,109.59150773865373,110.68859262413119,111850700
2020-10-27,113.20311737060547,113.86330738232272,111.203133250019,112.12545415431511,92276800
2020-10-28,107.96043395996094,112.06720563801413,107.86334871753533,111.69827875394513,143937800
2020-10-29,111.96041107177734,113.52350793821675,108.9313025825577,109.09635564462052,146129200
2020-10-30,105.68862915039062,108.7274415434045,104.58184087142044,107.82453453612558,190272600
2020-11-02,105.60122680664062,107.45558679697702,104.19347226654686,105.93132552110745,122866900
2020-11-03,107.22257232666016,108.24197840804575,105.56239035943621,106.46529712130838,107624400
2020-11-04,111.60118865966797,112.22254311397377,109.07693526315951,110.81478854874675,138235500
2020-11-05,115.56233215332031,116.13514770518474,113.46526266207991,114.51379370413532,126387100
2020-11-06,115.4310531616211,115.92704441463144,112.94133971591968,115.07120982324268,114457900
2020-11-09,113.12611389160156,118.64042665215963,112.86353074963101,117.19134078148167,154515300
2020-11-10,112.78573608398438,114.36124992222891,110.99625432436308,112.37727008295128,138023400
2020-11-11,116.20906829833984,116.34522361614252,113.24281896631516,113.97222563450443,112295000
2020-11-12,115.93675231933594,117.22050769938583,115.31432591809406,116.33549817445764,103162300
2020-11-13,115.98540496826172,116.38414348107418,114.633571669367,116.16046289142338,81581900
2020-11-16,116.9968490600586,117.66789824397613,114.90588149878657,115.65473585240478,91183000
2020-11-17,116.11182403564453,117.35667698637204,115.69363055189307,116.26743436443991,74271000
2020-11-18,114.78917694091797,116.53002870692607,114.76000185644509,115.35325330709236,76322100
2020-11-19,115.3824234008789,115.7908894056509,113.60266912591757,114.36125096903965,74113000
2020-11-20,114.11811828613281,115.50885417388024,114.06949561951376,115.38242633677936,73604300
2020-11-23,110.72394561767578,114.39043445067523,110.6266928661709,113.96251344016258,127959300
2020-11-24,112.00769805908203,112.66902713847026,109.49853707376413,110.78230006896696,113874200
2020-11-25,112.84407043457031,113.54430200672213,112.00768354782322,112.37725433307455,76499200
2020-11-27,113.38871002197266,114.26399962865095,113.02887409805055,113.36926243956174,46691300
2020-11-30,115.78116607666016,117.64844554887398,113.6026659391683,113.75827627180732,169410200
2020-12-01,119.35038757324219,120.07979426970195,116.7147989337566,117.68734119570294,127728200
2020-12-02,119.70050811767578,119.98254627518949,117.57063810536371,118.66960823368215,89004200
2020-12-03,119.56436920166016,120.38130128460415,118.85440996013128,120.1284381742077,78967600
2020-12-04,118.89328002929688,119.48653134532607,118.18332098194936,119.23366830409037,78260400
2020-12-07,120.35211181640625,121.14959622013072,118.89329833984375,118.95164850453536,86712000
2020-12-08,120.96479034423828,121.5483215720864,119.71021007621731,120.95507026503985,82225500
2020-12-09,118.43621063232422,122.49171060296122,117.67762875809393,121.11070219500817,115089200
2020-12-10,119.85610961914062,120.46881600995408,116.85095750767795,117.1913458248472,81312200
2020-12-11,119.04889678955078,119.38928508279156,117.23996766557605,119.06834436920384,86939800
2020-12-14,118.43621063232422,119.96310188222377,118.20280253715556,119.23369509240086,79184500
2020-12-15,124.36872100830078,124.38817601169539,120.72168696233577,120.92591997852064,157243700
2020-12-16,124.3006362915039,124.84525763713049,123.08495834508075,123.91162528457596,98208600
2020-12-17,125.16619110107422,126.02203307421959,124.52430962121518,125.3606965932024,94359800
2020-12-18,123.18222045898438,125.55522622218948,122.65704668745983,125.41907088363601,192541500
2020-12-21,124.7090835571289,124.78688871478423,120.06033297589273,121.58722395031434,121251600
2020-12-22,128.2588653564453,130.71939584455194,126.09008564573021,127.99627481697722,168904800
2020-12-23,127.3641357421875,128.7937591538707,127.1890704257709,128.5311834389707,88223700
2020-12-24,128.34640502929688,129.79549835924004,127.50029800003861,127.71425848740788,54930100
2020-12-28,132.9368133544922,133.56895993255333,129.84412103088945,130.3109520335808,124486200
2020-12-29,131.16677856445312,134.97914269594398,130.6513323196226,134.25947087325437,121047300
2020-12-30,130.0483856201172,132.2560612728946,129.73716489381331,131.85731528225065,96452100
2020-12-31,129.04666137695312,131.04037638768824,128.10329400367584,130.3984948026051,99116600
2021-01-04,125.85670471191406,129.94137947234472,123.27946608977872,129.85385422543547,143301900
2021-01-05,127.41272735595703,128.12269373003411,124.90356711123319,125.35094297928433,97664900
2021-01-06,123.12383270263672,127.45164965166228,122.90987224593289,124.21308256408004,155088000
2021-01-07,127.32523345947266,128.01574500748134,124.34925645838389,124.83552759816486,109578200
2021-01-08,128.42422485351562,128.98830121735807,126.65419059044255,128.79378086858412,105158200
2021-01-11,125.4384994506836,126.59582714131227,124.97168331019907,125.64273985954293,100384500
2021-01-12,125.26344299316406,126.12900498980764,123.3767086805256,124.97167735433455,91951100
2021-01-13,127.29606628417969,127.84068762018809,124.96197060419559,125.22454635131636,88636800
2021-01-14,125.37042236328125,127.40303206132965,125.22453212496984,127.20852658339784,90221800
2021-01-15,123.6490249633789,126.64445696844105,123.51286963768597,125.2439937099894,111598500
2021-01-19,124.32009887695312,125.17594095218084,123.45453671989587,124.27146878816617,90757300
2021-01-20,128.40476989746094,128.85214592405728,125.02032655299224,125.12730680892926,104319500
2021-01-21,133.11181640625,135.83493692542157,129.92187989059025,130.12612023644863,120150900
2021-01-22,135.25143432617188,136.0100159621577,131.31263593020583,132.53803360991805,114459400
2021-01-25,138.99574279785156,141.10615779384105,132.79091821695442,139.14163304575837,157611700
2021-01-26,139.22914123535156,140.33783872046894,137.48828243304504,139.6570621664172,98390600
2021-01-27,138.1593780517578,140.33787848176394,136.55468894542827,139.4917564593141,140843800
2021-01-28,133.32583618164062,138.09130292156465,132.94654523318187,135.6891219680526,142621100
2021-01-29,128.33670043945312,132.98545188101477,126.63475125528835,132.1004347436925,177523800
2021-02-01,130.45681762695312,131.66277536673383,127.3349504556567,130.07752674070377,106239800
2021-02-02,131.28347778320312,132.56722577893618,130.9139069960329,132.00314951845078,83305400
2021-02-03,130.2623291015625,132.04208344252265,129.94138833452192,132.03234852121233,89880900
2021-02-04,133.61756896972656,133.62728904915303,130.89444790890877,132.55750155942113,84183100
2021-02-05,133.20362854003906,133.8464691818489,132.32703847356598,133.77829722031976,75693800
2021-02-08,133.34971618652344,133.39841892980013,131.41145995524053,132.49259546322395,71297200
2021-02-09,132.47311401367188,134.29449558670797,132.3172860388913,133.06725182462114,76774200
2021-02-10,131.8692626953125,133.42766158836056,130.90500170826476,132.93091432442992,73046600
2021-02-11,131.6160125732422,132.84324151471785,130.29137814000228,132.36597838425936,64280000
2021-02-12,131.8498077392578,132.00565063537698,130.21350191599643,130.8563427159905,60145100
2021-02-16,129.7264862060547,132.4731462786685,129.33687901923372,131.96667922879305,80576300
2021-02-17,127.43757629394531,128.78169493091983,126.10320712430666,127.83691804290048,97918500
2021-02-18,126.33699035644531,126.61944257367797,124.09679724620429,125.84024303159478,96856700
2021-02-19,126.4928207397461,127.31098844832445,125.45065303655015,126.85320926611831,87668800
2021-02-22,122.72344970703125,126.34671464924598,122.33384996779367,124.68117557823038,103916400
2021-02-23,122.58706665039062,123.41496128803965,115.3113195259661,120.54167771296495,158273000
2021-02-24,122.09033203125,122.29487019049711,119.05147088701199,121.69099774824254,111039900
2021-02-25,117.84371948242188,123.17147632846172,117.40542445743719,121.43776543888308,148199500
2021-02-26,118.1067123413086,121.60335309106918,118.04826755034811,119.40212088348072,164560400
2021-03-01,124.4668960571289,124.60325484384613,119.5969181572381,120.53195302229754,116307900
2021-03-02,121.86631774902344,125.37270000855568,121.75917765120198,125.07076378614747,102260900
2021-03-03,118.88589477539062,122.44098002866822,118.6716145648539,121.56438254510716,112966300
2021-03-04,117.00608825683594,120.38585416346811,115.53536025738819,118.58396379730593,178155000
2021-03-05,118.26253509521484,118.7690169305712,114.5126538027712,117.83398211644732,153766600
2021-03-08,113.3341293334961,117.85346835184752,113.1880285063647,117.78528895665244,154376600
2021-03-09,117.94111633300781,118.8858931954571,115.7009310503409,115.93468789918522,129525800
2021-03-10,116.85997772216797,118.99302271119,116.34375389003466,118.52550905510117,111943300
2021-03-11,118.78849029541016,120.00598467048323,118.10669641776761,119.35340946888309,103026500
2021-03-12,117.8826675415039,118.01902630934984,116.06130081484937,117.26905308619719,88105100
2021-03-15,120.76570892333984,120.77545095974142,117.28854502762586,118.25280599447676,92403800
2021-03-16,122.30462646484375,123.91172068145192,121.47673169598399,122.43124321692929,115227900
2021-03-17,121.51568603515625,122.58707964634337,119.15861117334904,120.82415009129004,111932600
2021-03-18,117.39569091796875,119.97678079779097,117.19115272943903,119.68457913932171,121229700
2021-03-19,116.8697280883789,118.27228410779664,116.56779183514182,116.7820720526636,185549500
2021-03-22,120.18131256103516,120.64883370339138,117.13270910784668,117.20088850037816,111912300
2021-03-23,119.35342407226562,121.0092136525593,118.96382433837393,120.12288150317761,95467100
2021-03-24,116.96713256835938,119.7040653634643,116.94765592524341,119.62614392900645,88530500
2021-03-25,117.45411682128906,118.4962991670475,115.90546750304253,116.43142597838931,98844700
2021-03-26,118.05799102783203,118.32097396831911,115.82754049090362,117.22035432205121,94071200
2021-03-29,118.23332977294922,119.39238695881983,117.59049651669116,118.48657071923124,80819200
2021-03-30,116.78207397460938,117.26907177481125,115.76911765846987,116.98661215897457,85671900
2021-03-31,118.97355651855469,120.30792565051348,117.9995609800172,118.48655874928595,118323800
2021-04-01,119.80144500732422,120.95075998024407,119.30470522783453,120.44428559619276,75089100
2021-04-05,122.62604522705078,122.87928615898178,119.86963594729222,120.6488353850815,88651200
2021-04-06,122.92798614501953,123.82406033078875,122.3825509764638,123.21044576616356,80171300
2021-04-07,124.57403564453125,124.59351228641088,121.88580577435263,122.55786509964642,83466700
2021-04-08,126.97006225585938,126.99928093380576,125.17791398584798,125.59672494440802,88844600
2021-04-09,129.54141235351562,129.58036563750287,126.1032091394081,126.42462946477704,106686700
2021-04-12,127.82718658447266,129.39532007888374,127.23304868008105,129.07389975073812,91420000
2021-04-13,130.93421936035156,131.15824904554103,128.49923039780398,128.99597765783932,91266500
2021-04-14,128.5966339111328,131.4894019428346,128.2362603060902,131.43096458655666,87222800
2021-04-15,131.00242614746094,131.48942401418012,130.16478922222413,130.34011618248067,89347100
2021-04-16,130.6712646484375,131.16799709740084,129.81414368991753,130.8076234498389,84922400
2021-04-19,131.3335418701172,131.94716375459052,129.87254870669761,130.03812614844625,94264200
2021-04-20,129.64854431152344,132.00561168739057,128.3823471626382,131.50887932231677,94812300
2021-04-21,130.02838134765625,130.27188018913125,127.8855945150741,128.91802722500978,68847100
2021-04-22,128.50897216796875,130.66149395921403,127.99275572778816,129.58035833012048,84566500
2021-04-23,130.82708740234375,131.60627194079382,128.72325347974677,128.72325347974677,78657500
2021-04-26,131.21673583984375,131.5478908966376,130.08689696866605,131.32387598904162,66905100
2021-04-27,130.89524841308594,131.88872793710226,130.62253087504087,131.49912083847275,66015800
2021-04-28,130.1063232421875,131.5088791677975,129.61932548257246,130.81733580986761,107760100
2021-04-29,130.00888061523438,133.50553482574796,129.00566670590237,132.92113173631725,151101000
2021-04-30,128.04147338867188,130.08685531571498,127.66161568350715,128.35314426527148,109839500
2021-05-03,129.09341430664062,130.5836417558544,128.4018855175399,128.6064163405703,75135100
2021-05-04,124.52532958984375,128.07068022860358,123.40523322106765,127.77847859118502,137564700
2021-05-05,124.76885223388672,127.05773315883954,124.6422280399721,125.84023856195147,84000900
2021-05-06,126.36617279052734,126.37590739453778,123.82403668567083,124.56427529521159,78128300
2021-05-07,127.03936767578125,128.06378806137542,126.32713259923071,127.66378295557222,78973300
2021-05-10,123.76119995117188,126.38569336703041,123.7221730582719,126.25886899143829,88071200
2021-05-11,122.84410095214844,123.19532812082859,119.78055295740043,120.49278076667929,126142800
2021-05-12,119.7805404663086,121.60500854306753,119.27320577012671,120.39520469554279,112172300
2021-05-13,121.92699432373047,123.07826174075706,121.23428364519357,121.5464913797964,105861300
2021-05-14,124.3465805053711,124.7758688561986,122.78554210729591,123.17580356771927,81918000
2021-05-17,123.19530487060547,123.83923735283338,122.12209151050999,123.73191527246206,74244600
2021-05-18,121.80989074707031,123.89778097564653,121.7415955505699,123.47825121325309,63342900
2021-05-19,121.65379333496094,121.87818865261369,119.86835215925528,120.16105011854478,92612000
2021-05-20,124.21000671386719,124.61002681126666,122.05382097524402,122.18066024691666,76857100
2021-05-21,122.37577056884766,124.88319058200729,122.16112639405591,124.70757329750661,79295400
2021-05-24,124.00511169433594,124.82466155300955,122.87336158160026,122.94165678285485,63092900
2021-05-25,123.80998992919922,125.19541862484827,123.24411112700588,124.70758616767343,72009500
2021-05-26,123.76119995117188,124.28805183989326,123.3416701570207,123.86852204574208,56575900
2021-05-27,122.22942352294922,124.5319579811851,122.03429651202822,123.3611810284224,94625600
2021-05-28,121.57572937011719,122.73675508280117,121.51719276060966,122.51235234032615,71311100
2021-06-01,121.25377655029297,122.29772171588232,120.92205913488071,122.03429950032661,67637100
2021-06-02,122.0147933959961,122.19041070349643,121.02939220066231,121.25378754470101,59278900
2021-06-03,120.53180694580078,121.80990611741935,120.13178685609535,121.64404739693522,76229200
2021-06-04,122.8245849609375,123.08801464449839,120.83425795335646,121.04890215666704,75169300
2021-06-07,122.83432006835938,123.24409122711307,121.79037500565761,123.0977422579531,71057600
2021-06-08,123.65387725830078,125.33200387040455,123.13678395621102,123.51728685562117,74403800
2021-06-09,124.03436279296875,124.63926837987677,123.43921578877699,124.11241656746353,56877900
2021-06-10,123.03922271728516,125.06857651400928,122.87336400291547,123.9270603510902,71186400
2021-06-11,124.24901580810547,124.3368281715762,123.02945340825438,123.44898317154788,53522400
2021-06-14,127.30280303955078,127.36133965538929,123.97584053546844,124.70757800792384,96906500
2021-06-15,126.48324584960938,127.41987625518645,126.23933338731938,126.77594378180441,62746300
2021-06-16,126.98084259033203,127.7028289556805,125.33200658203938,127.19548678307785,91815000
2021-06-17,128.5808868408203,129.32239025268845,126.49299676283543,126.63935317228925,96721700
2021-06-18,127.28333282470703,128.3077536344303,127.06868858773397,127.52724537697272,108953300
2021-06-21,129.0784912109375,129.18581330080102,126.063736441913,127.1271913132279,79663300
2021-06-22,130.71755981445312,130.81513075216756,128.4150256244004,128.9126165646152,74783600
2021-06-23,130.44439697265625,131.04931007255976,129.98584029942936,130.51269961588608,60214200
2021-06-24,130.1614990234375,131.36154462192493,129.69317620046218,131.17616869873564,68711000
2021-06-25,129.8687744140625,130.6297802366699,129.5760764313894,130.21025787505408,70783700
2021-06-28,131.4980926513672,131.95664929646315,130.10292043684166,130.1614570490265,62111300
2021-06-29,133.01034545898438,133.16645300747723,131.0785629298999,131.51760238370522,64556100
2021-06-30,133.62503051757812,134.0640700400228,132.56156070353867,132.8542586809143,63261400
2021-07-01,133.92747497558594,133.98601159157678,132.4542339993765,133.27379128495963,52485800
2021-07-02,136.55198669433594,136.59100614570704,134.39579354693674,134.54213509862615,78852600
2021-07-06,138.5618133544922,139.66428770082487,136.65929888430668,136.65929888430668,108181800
2021-07-07,141.04969787597656,141.36189806872017,139.18620319634806,140.0447648918188,104911600
2021-07-08,139.75209045410156,140.5521155930635,137.2446631833098,138.13250812343543,105575500
2021-07-09,141.57656860351562,142.10341304013653,139.17646311232951,139.27403406481795,99890800
2021-07-12,140.98143005371094,142.75712026323748,140.49360503622404,142.64979816390084,76299700
2021-07-13,142.0936737060547,143.8693639556699,140.1326224508896,140.52287651879445,100827100
2021-07-14,145.5181884765625,145.9279745686904,144.0839818158266,144.4937679079545,127050800
2021-07-15,144.864501953125,146.34749406137325,143.50834910364574,145.6060054508676,106820300
2021-07-16,142.82540893554688,146.11334481046933,142.32783277394142,144.84501166670194,93251400
2021-07-19,138.98135375976562,140.56191704499963,138.22034787278739,140.24970186714236,121434600
2021-07-20,142.5912322998047,143.5181116494979,139.47892150687957,139.9667464752501,96350000
2021-07-21,141.85951232910156,142.57174758950413,141.10827250404336,141.98635160042446,74993500
2021-07-22,143.22543334960938,144.59133749363102,142.25953442025497,142.3863736933565,77338200
2021-07-23,144.94253540039062,145.09864294509043,143.3424702853048,143.9571344380385,71447400
2021-07-26,145.36209106445312,146.18163344756866,144.10349429509156,144.6596219111436,72434100
2021-07-27,143.19615173339844,145.5767400665626,142.00585756681636,145.48892025406204,104818600
2021-07-28,141.44970703125,143.39125553651849,139.0691190835095,141.283848347971,118931200
2021-07-29,142.0936737060547,142.9815188308623,141.05948702759235,141.16680912935195,56699500
2021-07-30,142.3083038330078,142.76686050541852,140.60091640214495,140.86434605990442,70440600
2021-08-02,141.97659301757812,143.37176538004852,141.71316334757606,142.79613544954273,62880000
2021-08-03,143.7718048095703,144.43523975697417,141.64487976916462,142.25954411950144,64786600
2021-08-04,143.37176513671875,144.19130756729243,142.71808142038705,143.68398028393023,56368300
2021-08-05,143.47909545898438,144.2401013148973,142.61076750096896,143.40104166770632,46397700
2021-08-06,142.79510498046875,143.74290453377364,142.29678337483543,143.0003050001657,54126800
2021-08-09,142.74627685546875,143.34231572322156,142.18933081387217,142.85375976308137,48908700
2021-08-10,142.2675018310547,144.3292085832048,141.97436527249621,143.08827226738262,69023100
2021-08-11,142.52151489257812,143.36183156118472,142.19906623850963,142.70716850336376,48493500
2021-08-12,145.48216247558594,145.6385039280885,142.50196876649986,142.84396383015653,72282600
2021-08-13,145.68736267089844,146.01957707570978,144.8763581583002,145.56033337689462,59375000
2021-08-16,147.66114807128906,147.72955306203514,143.11758362273994,145.14019753721752,103296000
2021-08-17,146.75244140625,148.20832862251999,145.67761233221978,146.79151932278535,92229700
2021-08-18,143.01010131835938,147.2703098892412,142.80490125480077,146.37136871129022,86326000
2021-08-19,143.34228515625,144.61253336364982,141.1926423719419,141.71051038649435,86960300
2021-08-20,144.79818725585938,145.10108950161558,143.42045616108942,144.06535347049768,60549600
2021-08-23,146.283447265625,146.75245686116517,144.50509623031814,144.91548149010904,60131800
2021-08-24,146.19544982910156,147.40707372149436,145.73620613091066,146.02934262692168,48606400
2021-08-25,144.96429443359375,146.87943995254733,144.41711425947602,146.3811034364789,58991300
2021-08-26,144.16305541992188,145.70689371393732,144.13374326132688,144.95452843061085,48597200
2021-08-27,145.1988067626953,145.34536755607812,143.4693148530707,144.10443150378484,55802400
2021-08-30,149.6153564453125,149.97689795560206,145.20858752404757,145.58966053577964,90956700
2021-08-31,148.35487365722656,149.3026732146875,147.8272249811444,149.16587817080352,86453100
2021-09-01,149.0193328857422,151.4328005101191,148.85322564922996,149.33201585532615,80313700
2021-09-02,150.1332244873047,151.17874128646721,148.91183471793337,150.34819027947748,71115500
2021-09-03,150.7683563232422,151.0908050119508,149.58604446464392,150.24070759279422,57808700
2021-09-07,153.10362243652344,153.6605683081019,150.85626272401808,151.42298925392222,82278300
2021-09-08,151.55978393554688,153.4456022050819,150.45564303417842,153.38697789342345,74420200
2021-09-09,150.54359436035156,152.5368955037672,150.42633082753412,151.9310910707807,57305700
2021-09-10,145.5603485107422,151.92134106933233,145.2965241455898,151.45233157203938,140893200
2021-09-13,146.12705993652344,147.95425407222461,145.34536758274155,147.18234237769772,102404300
2021-09-14,144.7298126220703,147.61230470977705,143.54751554982687,146.90878293557242,109296300
2021-09-15,145.6189422607422,146.01956159972383,143.01982179601146,145.1596986106003,83281300
2021-09-16,145.38442993164062,145.56031777444971,143.85037245648,145.04244981377065,68034100
2021-09-17,142.7169647216797,145.41380316434896,142.42382816362286,145.41380316434896,129868800
2021-09-20,139.66831970214844,141.52482558177502,138.03654529205727,140.50863618556156,123478900
2021-09-21,140.14710998535156,141.29034368063373,139.51199340756355,140.63566578658538,75834000
2021-09-22,142.51173400878906,143.0784456211062,140.41093510559722,141.14376881169068,76404300
2021-09-23,143.46929931640625,143.71357721861844,142.30653411634987,143.29341147385273,64838200
2021-09-24,143.55726623535156,144.09468071612673,142.22839356904527,142.32611071447462,53477900
2021-09-27,142.04270935058594,142.61921652920344,140.52819828937186,142.1404264749726,74150700
2021-09-28,138.66192626953125,141.43691994614318,138.44696050068399,139.97125238193445,108972300
2021-09-29,139.56089782714844,141.14381437221513,138.7792053064143,139.2091369382953,74602000
2021-09-30,138.26132202148438,141.07540882378817,138.04635622911155,140.37188712321222,89056700
2021-10-01,139.38502502441406,139.6488494470143,135.92605500067936,138.65219100239392,94639600
2021-10-04,135.95533752441406,138.9550779570537,135.10525501528176,138.5153657120816,98322000
2021-10-05,137.88026428222656,138.98440552812323,136.17031841410787,136.2973477353653,80861100
2021-10-06,138.74984741210938,138.8964081885175,135.20292752763442,136.27775625309343,83221100
2021-10-07,140.01034545898438,140.91906720020722,139.4533994772065,139.78561391612965,61732700
2021-10-08,139.62924194335938,140.87994360098938,139.29702757701324,140.73338282452485,58773200
2021-10-11,139.54135131835938,141.49557516408288,138.56423939549762,139.0137174402137,64452200
2021-10-12,138.2710723876953,139.97125212650982,137.81182869231796,139.95170571768443,73035900
2021-10-13,137.68484497070312,138.16362027198588,136.01397701826,138.00729369519374,78762700
2021-10-14,140.46957397460938,140.58683751822448,138.27107262847971,138.8573456179309,69907100
2021-10-15,141.5248565673828,141.58348088448486,140.22529620330172,140.47935479013262,67940300
2021-10-18,143.19573974609375,143.47909561279081,139.88333128324254,140.1666871499396,85589200
2021-10-19,145.35516357421875,145.75578303894451,143.195754584487,143.64521771748375,76378900
2021-10-20,145.84371948242188,146.32250968957678,144.72981249251907,145.29653919398467,58418800
2021-10-21,146.05865478515625,146.21499623763387,144.4855043297612,145.40399172614036,61421000
2021-10-22,145.28677368164062,146.7426608994433,145.2379151037615,146.26388560104417,58883400
2021-10-25,145.23789978027344,145.95118723150932,144.24124155296286,145.27697769272697,50720600
2021-10-26,145.90232849121094,147.38752756365847,145.5994113354405,145.91209424092938,60893400
2021-10-27,145.44305419921875,146.3029021893665,145.09129345930518,145.94137570178864,56094900
2021-10-28,149.0779571533203,149.66421529809745,146.29318250961379,146.39089965518153,100077900
2021-10-29,146.371337890625,146.50813293434493,143.05892977311782,143.85038787675046,124953200
2021-11-01,145.55055236816406,146.27360541935798,144.41709931929685,145.57986452377787,74588300
2021-11-02,146.5863037109375,148.10082985163274,145.2476505224247,145.25743118168475,69122000
2021-11-03,148.02268981933594,148.4916993652847,146.39091470548655,146.94786074576106,54511500
2021-11-04,147.50479125976562,148.94113176601576,147.192108353955,148.11059575284676,60394600
2021-11-05,148.033203125,148.9334561453401,146.83938576662882,148.6301118041856,65463900
2021-11-08,147.2112579345703,148.3170106437663,146.93726849126057,148.1604409815022,55020900
2021-11-09,147.57327270507812,148.17996131979666,146.8393694074151,146.97636409239348,56787900
2021-11-10,144.7452850341797,146.90785977516097,144.67679516407316,146.80022003816552,65187100
2021-11-11,144.6964111328125,146.22292804332957,144.51048652142552,145.76302891424749,41000000
2021-11-12,146.77090454101562,147.17209373098063,144.3147648635999,145.24437287945577,63804000
2021-11-15,146.78067016601562,148.62032601011296,146.22289645235986,147.14272437440852,59222800
2021-11-16,147.7592315673828,148.2387205417783,146.13485497458598,146.72198372154762,59256200
2021-11-17,150.1957550048828,151.67334153749616,147.7494107865361,147.75919078814144,88807000
2021-11-18,154.4817657470703,155.2645990140686,149.7652210699027,150.411059635024,137827700
2021-11-19,157.10423278808594,157.56414670764048,153.17050700157068,154.26646446197273,117305600
2021-11-22,157.5641326904297,162.14368161224743,157.54455775714948,158.209956175684,117467900
2021-11-23,157.94580078125,158.32742995233392,155.64623082003743,157.6620164381372,96041900
2021-11-24,158.4644012451172,158.660105803449,156.21376149604953,157.29993896578694,69463600
2021-11-26,153.4445037841797,157.00638063396804,153.00416477836077,156.14527755829806,76959800
2021-11-29,156.80088806152344,157.7304958999759,155.38199643665857,155.94955010034442,88748200
2021-11-30,161.75233459472656,161.96761414950842,156.48779536992407,156.55630019703872,174048100
2021-12-01,161.23365783691406,166.64497001692308,160.99880341826756,163.88548659020162,152052500
2021-12-02,160.24534606933594,160.6759050938818,154.4132690949476,155.33309702351337,136739200
2021-12-03,158.36654663085938,161.4195945786872,156.29205136899398,160.49976670029744,118023100
2021-12-06,161.77188110351562,164.27693555746282,160.7541933995356,160.76397340255957,107497000
2021-12-07,167.50607299804688,167.8974970290668,164.7270295686555,165.45115282756737,120405400
2021-12-08,171.32237243652344,172.18349034092375,167.03637277945757,168.43568937410808,116998900
2021-12-09,170.81353759765625,172.9565375380552,170.18727407030087,171.15603176332104,108923700
2021-12-10,175.59857177734375,175.77471631207035,170.94073811179362,171.44958185163827,115402700
2021-12-13,171.96823120117188,178.22108688608395,171.76273170193855,177.23275419312068,153237000
2021-12-14,170.5885009765625,173.92531854630914,168.51400556372403,171.48875398461132,139380400
2021-12-15,175.45181274414062,175.64751729804553,168.6118288401074,171.3517373886768,131063300
2021-12-16,168.5629119873047,177.2523322197485,167.08532532021002,175.43225135839342,150185800
2021-12-17,167.46697998046875,169.74697513874438,166.0481029746897,166.28294252078598,195432700
2021-12-20,166.10675048828125,166.91893845326396,163.8659060499926,164.66829908336342,107499100
2021-12-21,169.27723693847656,169.48272148768493,165.49028600162353,167.87792030585337,91185900
2021-12-22,171.870361328125,172.08564081700152,168.4552593739479,169.32615733120278,92135300
2021-12-23,172.49664306640625,173.05441678226669,171.50832525865067,172.07587897729215,68356600
2021-12-27,176.45973205566406,176.54779687853835,173.26970404402934,173.28926405046633,74919600
2021-12-28,175.44203186035156,177.43825729141835,174.69834852343934,176.29336988152778,79144300
2021-12-29,175.53012084960938,176.75329313798875,174.3167285642682,175.48119097181373,62348900
2021-12-30,174.3754119873047,176.6945564474762,174.26777224500728,175.6181590245021,59773000
2021-12-31,173.7589874267578,175.38334904304386,173.45562812611084,174.2678163999058,64062300
2022-01-03,178.10365295410156,178.95499096160628,173.895952516217,174.01337226981713,104487900
2022-01-04,175.84324645996094,179.01371442958575,175.27569272230144,178.71037008888723,99310400
2022-01-05,171.1658172607422,176.3031403228598,170.8918278919333,175.75516158524204,94537600
2022-01-06,168.3085174560547,171.53769548653034,167.95624321761545,168.99349099432447,96904000
2022-01-07,168.474853515625,170.40257420223315,167.35932100577125,169.17940193566972,86709100
2022-01-10,168.49444580078125,168.79779016511287,164.56071920573362,165.45119229098708,106765600
2022-01-11,171.32237243652344,171.42021724210562,167.15380744997546,168.62161391540354,76138300
2022-01-12,171.76271057128906,173.37729170304524,171.0679572091586,172.34004419476074,74805200
2022-01-13,168.49444580078125,172.8293615927784,168.1030216763988,172.00739332853072,84505800
2022-01-14,169.3555145263672,170.05026788105346,167.41799927146064,167.6626336785782,80440800
2022-01-18,166.1557159423828,168.83689986985863,165.77408681023036,167.82900716362772,90956700
2022-01-19,162.66232299804688,167.40823697043027,162.3785536255594,166.35141442818917,94815000
2022-01-20,160.979248046875,166.03828667936338,160.65632878123083,163.3962376065405,91420500
2022-01-21,158.92431640625,162.76018251834915,158.81667665863466,160.8911718694381,122848900
2022-01-24,158.1512908935547,158.8167044309835,151.3798104055977,156.58563920962845,162294600
2022-01-25,156.35076904296875,159.26680751652682,153.65001008067688,155.56793581393717,115798400
2022-01-26,156.26272583007812,160.8618511560036,154.43286466260852,159.99095298775666,108275300
2022-01-27,155.8028106689453,160.32365113506773,154.88298262420264,158.96348400735147,121954600
2022-01-28,166.67431640625,166.69389133962514,159.3059292425837,162.15347733104576,179935700
2022-01-31,171.02882385253906,171.2441033483954,165.87192581665457,166.5079843021577,115541600
2022-02-01,170.86248779296875,171.08754730875657,168.61184784118433,170.2753591337895,86213900
2022-02-02,172.0660858154297,172.105235689561,169.6099612749151,170.9994831805343,84914300
2022-02-03,169.1891632080078,172.45749049022623,168.42590499267487,170.7352545735362,89418100
2022-02-04,168.905029296875,170.58046717103358,167.22959142271642,168.20937580635172,82465400
2022-02-07,168.1898193359375,170.43351937589156,167.49416572772904,169.36555780513737,77251200
2022-02-08,171.29574584960938,171.80523803495097,167.96446919200875,168.25840756625686,74829200
2022-02-09,172.71641540527344,173.07893089654075,171.36430797248656,172.49106914991745,71285000
2022-02-10,168.6405029296875,171.93257943938036,168.08203354026793,170.6196718007765,90865900
2022-02-11,165.2308807373047,169.5811269216294,164.64300397443432,168.846288443205,98670700
2022-02-14,165.46600341796875,166.1518495458794,163.19289630795137,163.98651932384257,86185500
2022-02-15,169.2969512939453,169.45372039657573,166.80830532856646,167.51375134007887,62527400
2022-02-16,169.0618438720703,169.8358671652493,166.61238225395954,168.37599760906474,61177400
2022-02-17,165.46600341796875,168.43474911832254,165.06428820364812,167.57253401447812,69589300
2022-02-18,163.91793823242188,167.0924302194162,162.83037691642315,166.38699918366942,82772700
2022-02-22,160.99822998046875,163.32031494834902,158.87208401329053,161.6448765238355,91162800
2022-02-23,156.8341064453125,162.79118283457873,156.5205682404435,162.19351371308113,90009200
2022-02-24,159.4501190185547,159.55789590082478,148.92722915533128,149.49550590272597,141147500
2022-02-25,161.51751708984375,161.78204820003634,157.6179631395797,160.52792495432507,91974200
2022-02-28,161.78199768066406,162.07593599497437,159.14637521454355,159.76364417956287,95056600
2022-03-01,159.9008026123047,163.232078365881,158.69567205028895,161.3704791343853,83474400
2022-03-02,163.19293212890625,163.97676285442304,159.6559088746692,161.06680119053394,79724800
2022-03-03,162.86956787109375,165.49539801856008,162.20332160924863,165.06429046074288,76678400
2022-03-04,159.8714141845703,162.20330577402447,158.82305268070243,161.16473673176029,83737200
2022-03-07,156.07965087890625,161.6840185904636,155.82489737817548,160.05757297165496,96418800
2022-03-08,154.25729370117188,159.58732445146612,152.65044751471495,155.6094012673305,131148300
2022-03-09,159.65585327148438,160.1065606405456,156.18742332820318,158.21556911317273,91454900
2022-03-10,155.3154296875,157.14762175986647,152.82676890064815,156.961460328922,105342000
2022-03-11,151.6020050048828,156.06002610274064,151.37665882508406,155.71709565278218,96970100
2022-03-14,147.57516479492188,151.00441119995835,147.06568752183824,148.38838787929845,108732100
2022-03-15,151.9547576904297,152.42506496258488,147.33998157862231,147.8494586979721,92964300
2022-03-16,156.36378479003906,156.76549997179433,151.3375011134131,153.875139056129,102300200
2022-03-17,157.3729705810547,157.74529344907543,154.44342469949348,155.40360925613626,75615400
2022-03-18,160.66506958007812,161.15496186500974,156.53037749922927,157.2652159266267,123511700
2022-03-21,162.03677368164062,162.9871658912754,159.71467413165345,160.2045664067095,95811400
2022-03-22,165.40725708007812,165.99511891868582,161.57629538795769,162.16415722656538,81532000
2022-03-23,166.7691192626953,169.14998832074127,164.26085849061369,164.59399656875675,98062700
2022-03-24,170.55111694335938,170.61969409297694,166.769147690774,167.60195565228418,90131400
2022-03-25,171.1879425048828,171.73661941189775,169.2577659174967,170.3649271443604,80546200
2022-03-28,172.05018615722656,172.17754799227433,168.5229555265403,168.6895171187773,90371900
2022-03-29,175.3422393798828,175.39121664425457,172.7751938429614,173.11812439551318,100589400
2022-03-30,174.1763153076172,175.97911541230812,173.12793859273035,174.94054611178674,92633200
2022-03-31,171.08016967773438,174.4310308254092,170.8744083575564,174.2448693810398,103049300
2022-04-01,170.78622436523438,171.34470867552832,168.46414001265768,170.51188591642043,78751300
2022-04-04,174.83273315429688,174.88172536504146,170.91359549990895,171.04097225778014,76468400
2022-04-05,171.5210723876953,174.6955795536943,170.8940109049415,173.9117489626708,73401800
2022-04-06,168.3563690185547,170.1199840728932,166.69073839236125,168.87565359700926,89058800
2022-04-07,168.66009521484375,169.85543344405016,166.41639539463952,167.69991063657648,77594700
2022-04-08,166.6515350341797,168.30737316185164,165.77952746373003,168.30737316185164,76575500
2022-04-11,162.3992919921875,165.61298417615765,162.1543458504195,165.29946088886413,72246700
2022-04-12,164.27069091796875,166.43600652884118,163.2713064320056,164.62341397476007,79265200
2022-04-13,166.95526123046875,167.5823226689275,163.39865390857594,164.00611547230426,70618900
2022-04-14,161.9485626220703,167.80768430539896,161.70361651341247,167.17081545269417,75329400
2022-04-18,161.73304748535156,163.23211669383912,160.2633706181813,160.60628625032533,69023900
2022-04-19,164.01596069335938,164.42748344345316,160.59652149400418,161.6840831613577,67723800
2022-04-20,163.84934997558594,165.46600329408383,162.74220370933205,165.34841899344127,67929800
2022-04-21,163.0557403564453,168.06243992326603,162.55605562621574,165.49540922825548,87227800
2022-04-22,158.51931762695312,164.47640880332085,158.23518671810965,163.09492410815207,84882400
2022-04-25,159.5872802734375,159.8714111577949,155.25663522524357,157.8628502431654,96046400
2022-04-26,153.63023376464844,159.0582340646371,153.55184919980582,158.97005703556184,95623200
2022-04-27,153.40489196777344,156.55978483050606,152.2389458259476,152.75823050166923,88063200
2022-04-28,160.3319549560547,161.194170207573,155.7171628080034,156.03070106321982,130216800
2022-04-29,154.46299743652344,162.84015665375182,154.07108967503086,158.56829627206238,131747600
2022-05-02,154.76678466796875,155.0313157503038,150.17159242252777,153.5420538968097,123055300
2022-05-03,156.25601196289062,157.46115753940876,153.15990462040372,154.9528969165434,88966500
2022-05-04,162.66383361816406,163.1145261346623,156.04048055543203,156.44219580516028,108256500
2022-05-05,153.60086059570312,160.76308477987206,151.81764516116996,160.5377384717739,130525300
2022-05-06,154.32691955566406,156.44636712680793,151.2851189689877,153.0807608024048,116124600
2022-05-09,149.20492553710938,152.90414437032265,148.6456356183626,152.02103374851995,131577900
2022-05-10,151.60891723632812,153.7970575708187,150.05858149525076,152.599963074193,115366700
2022-05-11,143.7493438720703,152.53129738037643,143.07229678522884,150.6179132038416,142689800
2022-05-12,139.88328552246094,143.45494014257622,136.1938888181264,140.08934914213407,182602000
2022-05-13,144.34786987304688,145.3192870677171,140.42297369266063,141.87518108716213,113990900
2022-05-16,142.8073272705078,144.75016147394118,141.472862097978,142.817149092285,86643800
2022-05-17,146.4378662109375,146.95791370140876,143.92592034755194,146.06499632256597,78336300
2022-05-18,138.17601013183594,144.5932103275883,137.27327061969143,144.09279133540988,109742900
2022-05-19,134.77113342285156,139.00020681352638,134.03521536260072,137.2536291483144,136095600
2022-05-20,135.00660705566406,138.05821430560903,130.12011571020568,136.47844306099526,137426100
2022-05-23,140.42295837402344,140.57013597581613,135.06546908443286,135.20283983686906,117726300
2022-05-24,137.72459411621094,139.30436527340177,134.75148674775386,138.1661418989175,104132700
2022-05-25,137.88162231445312,139.12776621000188,135.742545873108,135.8308524536192,92482700
2022-05-26,141.0803985595703,141.62988165478208,134.56507119637524,134.81037721904417,90601500
2022-05-27,146.8303680419922,146.869610416665,142.5326018592053,142.6601657784012,90978500
2022-05-31,146.04539489746094,147.8312299883083,144.08294665114528,146.27108722583742,103718400
2022-06-01,145.9178466796875,148.8909545900905,144.90717205322113,147.08549081541827,74286600
2022-06-02,148.3709259033203,148.42979696294097,144.1025944132952,145.05438313661304,72348100
2022-06-03,142.65036010742188,145.19172685572278,141.7476357595722,144.14180991397814,88570300
2022-06-06,143.3960723876953,145.78045445382116,142.17934925780943,144.2693611343495,71598400
2022-06-07,145.9178466796875,146.20239508903217,141.39440285018887,141.63970888221743,67808200
2022-06-08,145.18191528320312,147.05604181726716,144.6913032640919,145.79026939576806,53950200
2022-06-09,139.96177673339844,145.17207325562853,139.85384150532468,144.3184132523197,69473000
2022-06-10,134.55528259277344,138.1171163437947,134.4865897104107,137.64613290864105,91437900
2022-06-13,129.4038543701172,132.6615109809625,128.97211331960065,130.37525676148604,122207100
2022-06-14,130.2672882080078,131.37607607962988,129.0113227305463,130.63035125622758,84784300
2022-06-15,132.8871612548828,134.76130271815364,129.67856950370555,131.76856647591572,91533000
2022-06-16,127.61799621582031,129.9042500251396,126.61714350302216,129.60007296838003,108123900
2022-06-17,129.08985900878906,130.58132405033675,127.3727165836019,127.62784446904057,134520300
2022-06-21,133.31890869140625,134.48656772231706,130.8167993077871,130.91491273074396,81000500
2022-06-22,132.80868530273438,135.17342395812105,131.39572023105475,132.25918724085466,73409200
2022-06-23,135.67385864257812,135.9878425646897,133.0834276529192,134.25108671150673,72433800
2022-06-24,139.00021362304688,139.24551965514786,137.1457006192552,137.27324957478913,89116800
2022-06-27,139.00021362304688,140.79585557470105,138.32316657888146,140.02068012877845,70207900
2022-06-28,134.8594512939453,140.7271675936439,134.7417091855751,139.46139501178652,67083400
2022-06-29,136.61581420898438,138.02877917366496,134.10388314834785,134.87905849783044,66242400
2022-06-30,134.15296936035156,135.77198324759192,131.25836106107414,134.67301697127326,98964500
2022-07-01,136.3214569091797,136.4293921589786,133.11286488498627,133.48571986150768,71051600
2022-07-05,138.902099609375,138.9511638153359,134.3590266331402,135.18326636531972,73353800
2022-07-06,140.23654174804688,141.41400763305737,138.43109305954474,138.69602774966668,74064300
2022-07-07,143.60215759277344,143.79839942455877,140.58979232323185,140.5995991745189,66253700
2022-07-08,144.27920532226562,144.77963926575595,142.27751446518533,142.53262737695925,64547800
2022-07-11,142.14993286132812,143.88670373849325,141.08040216848238,142.93491514840724,63141600
2022-07-12,143.12135314941406,145.66272006961017,142.32656399441228,143.02322474684678,77588800
2022-07-13,142.75828552246094,143.700252180436,139.4515504526769,140.30522551606126,71185600
2022-07-14,145.68234252929688,146.1533259024835,140.56035155748177,141.3747693527097,78140700
2022-07-15,147.3503875732422,148.02743444283934,145.41737534090672,146.96771086072485,76259900
2022-07-18,144.30860900878906,148.7241166459646,143.94554597746492,147.9096989962109,81420900
2022-07-19,148.1648406982422,148.3905180514349,144.15163767930207,145.14266864096726,82982400
2022-07-20,150.16651916503906,150.8337592919261,147.54665279809592,148.2825708215841,64823400
2022-07-21,152.4331817626953,152.6490522792443,149.08720372847873,151.59913522400217,65086600
2022-07-22,151.19679260253906,153.34567541649065,150.52956751320949,152.47238671293337,66675400
2022-07-25,150.07823181152344,152.1289867062053,149.42081342303993,151.11832702232695,53623900
2022-07-26,148.75357055664062,150.21558479499407,147.96858832963514,149.4011670445513,55138700
2022-07-27,153.8461151123047,154.37598449377768,149.3030578563077,149.71517016840275,78620700
2022-07-28,154.3955841064453,154.6801324449434,151.5107834924773,154.03252108827954,81378700
2022-07-29,159.45870971679688,160.5576907977121,156.5052308137223,158.21256599444197,101786900
2022-08-01,158.4774932861328,160.51844113720935,157.8691391572039,157.98688125382472,67829400
2022-08-02,157.0056610107422,159.36060780651525,156.63280603827062,157.0939825576486,59907000
2022-08-03,163.01075744628906,163.4621121282082,157.73176722636683,157.82007379818262,82507500
2022-08-04,162.69676208496094,164.05085610462757,161.3426680652943,162.89300390623217,55474100
2022-08-05,162.4707794189453,162.96207295817032,160.1616937873522,160.36804367078585,56697000
2022-08-08,161.9990997314453,164.88790765782107,161.34076829816232,163.47298010260957,60276900
2022-08-09,162.04827880859375,162.93261628217675,160.4073599879795,161.16395632810153,63135500
2022-08-10,166.29302978515625,166.3912794896035,163.99376480339055,164.76018146628317,70170500
2022-08-11,165.55606079101562,168.01252787205166,165.26128174267427,167.09871432150194,57149200
2022-08-12,169.10325622558594,169.1720295303759,166.4502588992338,166.8629587003345,68039400
2022-08-15,170.1742401123047,170.370754508125,168.36628368181792,168.53332166791955,54091700
2022-08-16,170.0170440673828,170.6852110892498,168.67090454328755,169.77139729331643,56377100
2022-08-17,171.5105438232422,173.0826738438294,169.56502598846322,169.76154036690085,79542000
2022-08-18,171.11753845214844,171.8544787813878,170.1054749327735,170.72450960712317,62290100
2022-08-19,168.53330993652344,170.7146540623893,168.32696008976907,170.01701076373877,70346300
2022-08-22,164.65213012695312,166.9022480242965,164.22960987091767,166.73521001384654,69026800
2022-08-23,164.31800842285156,165.77224787707962,163.74810620318166,164.1706263803019,54147100
2022-08-24,164.61280822753906,165.1827105189657,163.35509799580043,164.40647334198977,53841500
2022-08-25,167.06927490234375,167.17736007756102,165.41853585512217,165.84104108991514,51218200
2022-08-26,160.77088928222656,168.0715189036816,160.71193645776907,167.59988131493301,78961000
2022-08-29,158.5699005126953,160.06342201093398,157.03706713692557,158.34389469961232,73314000
2022-08-30,156.14291381835938,159.7293506019625,154.97363281420544,159.3068453614504,77906200
2022-08-31,154.48233032226562,157.78382326299328,154.403721562595,157.51852057324083,87991100
2022-09-01,155.20945739746094,155.66143904544523,151.97673759886456,153.91243529158203,74229900
2022-09-02,153.09690856933594,157.56768330857054,152.27153892325623,156.96830451944558,76957800
2022-09-06,151.8391876220703,154.3546082697241,151.01381803326322,153.74540904842692,73714800
2022-09-07,153.24427795410156,153.9419063408882,150.93519246411637,152.1241293530868,87449600
2022-09-08,151.77040100097656,153.6373103822705,150.02138227376568,151.94725947173376,84923800
2022-09-09,154.62974548339844,155.07192172535514,152.0553717736149,152.76283576903634,68028800
2022-09-12,160.58421325683594,161.39976240335073,156.5261384587271,156.81108213975503,104956000
2022-09-13,151.1612091064453,157.74454025448654,150.69939192954584,157.11568505512628,122656600
2022-09-14,152.60562133789062,154.36446088777137,150.93522603406518,152.0946717767246,87965400
2022-09-15,149.71676635742188,152.5368010537083,148.7440148881969,151.9570633678186,90481100
2022-09-16,148.0758819580078,148.7145726076231,145.78645207689314,148.57701100499813,162278800
2022-09-19,151.79002380371094,151.86863255679214,146.50371634850782,146.7100512063952,81474200
2022-09-20,154.16790771484375,155.3273682721185,150.41443284470995,150.7288529156578,107689800
2022-09-21,151.0432891845703,155.97588059110078,150.92538353116046,154.60024966459952,101696800
2022-09-22,150.0803680419922,151.78023962875704,148.28223174210513,149.7266360650785,86652500
2022-09-23,147.81056213378906,148.8324610577634,145.97312915554878,148.55733788432917,96029900
2022-09-26,148.1446533203125,151.09241446222893,147.03432515906897,147.05398109807987,93339400
2022-09-27,149.11740112304688,152.02586530633175,147.33892101138343,150.08034720002962,84442700
2022-09-28,147.2308349609375,148.01690757279204,142.31789987820665,145.06914652315353,146691400
2022-09-29,139.9989776611328,144.16515152497595,138.2303182381293,143.55595244325275,128138200
2022-09-30,135.7935333251953,140.60821907927374,135.59701890511008,138.8199033723931,124925300
2022-10-03,139.9695281982422,140.57874239032802,135.29241903979042,135.8033685254817,114311700
2022-10-04,143.55596923828125,143.67387488258018,141.7479977315321,142.504593932989,87830100
2022-10-05,143.8507537841797,144.81369999304195,140.51978392175167,141.5613389023429,79471000
2022-10-06,142.8976287841797,144.97088807825529,142.69129389793306,143.27101666436323,68402200
2022-10-07,137.65061950683594,140.60821619318722,137.02176437961742,140.05795483791823,85925600
2022-10-10,137.97486877441406,139.4192729060871,136.15709176712548,137.97486877441406,74899000
2022-10-11,136.5599365234375,138.88867789955424,135.8131758038938,137.4639147607023,77033700
2022-10-12,135.93104553222656,137.9158749380661,135.75418711633264,136.70729745020648,70433700
2022-10-13,140.5001220703125,141.08966528093347,132.0302118420066,132.63942598399592,113224000
2022-10-14,135.9704132080078,142.00349764686453,135.78371925254498,141.79714775053986,88598000
2022-10-17,139.93020629882812,140.41166429206842,137.82747089841786,138.6135434297954,85250900
2022-10-18,141.2468719482422,144.14550040873658,138.1615495711484,142.95657861316172,99136600
2022-10-19,141.35498046875,142.42599680685538,139.03607431855443,139.22276826600364,61758300
2022-10-20,140.8931427001953,143.34961008460004,140.16602295690015,140.52959032509128,64522000
2022-10-21,144.70558166503906,145.27548388473534,140.16601984417193,140.3821901686459,86548600
2022-10-24,146.84764099121094,147.61405773965313,143.45771845108737,144.62699951406933,75981900
2022-10-25,149.68728637695312,149.83468340940922,146.75918158114587,147.47646582788911,74732300
2022-10-26,146.7493896484375,149.3434189974195,145.46218795090752,148.33135548203074,88194300
2022-10-27,142.27859497070312,146.45458955551916,141.62026350591435,145.49165853167307,109180200
2022-10-28,153.0281219482422,154.75746986477446,145.24603383421282,145.619406740808,164762400
2022-10-31,150.66990661621094,151.55424402730603,149.27463469355658,150.49304812984573,97943200
2022-11-01,148.0267333984375,152.74315424703352,146.5332118743015,152.3796018355527,80379300
2022-11-02,142.504638671875,149.5203115788826,142.47516225154624,146.35637919012498,93604600
2022-11-03,136.46173095703125,140.3134714284839,136.33398980843015,139.58635141865895,97918500
2022-11-04,136.1959686279297,140.4182534262788,132.25910018387182,139.84740569973505,140814800
2022-11-07,136.7274169921875,136.95378268582516,133.52871190234,134.94598671425354,83374600
2022-11-08,137.2982635498047,139.19779504119253,135.31999290082103,138.1939045722533,89908500
2022-11-09,132.7413787841797,136.36330615762654,132.46579914921745,136.31409229039105,74917800
2022-11-10,144.55197143554688,144.55197143554688,137.29829567413785,139.01083896213112,118854000
2022-11-11,147.3372802734375,147.64238513720315,142.0914019190675,143.5185285677149,93979700
2022-11-14,145.93968200683594,147.9081158240503,145.10309162733654,146.6187940766482,73374100
2022-11-15,147.67189025878906,151.16586309626985,146.2152535189844,149.8174908111913,89868300
2022-11-16,146.441650390625,147.50460662223392,144.96532479416157,146.77629560614008,64218300
2022-11-17,148.34121704101562,149.08921670380388,143.84333724490105,144.11891685845265,80389400
2022-11-18,148.9021759033203,150.28992540848853,147.60301733738748,149.90608139833125,74829600
2022-11-21,145.67393493652344,147.9966873729924,145.3885186493538,147.79001023834212,58724100
2022-11-22,147.80966186523438,148.0458792877972,144.6109574805625,145.79202957542114,51804100
2022-11-23,148.6856689453125,149.43366845656658,146.98296272757275,147.09122719796105,58301400
2022-11-25,145.7723846435547,146.5302359602774,144.79800437919693,145.96922504559745,35195900
2022-11-28,141.94375610351562,144.3255590917021,141.11701754919451,142.84923380843264,69246000
2022-11-29,138.94192504882812,142.52447466230237,138.13487484288268,142.01267756953146,83763800
2022-11-30,145.69363403320312,146.3727461321645,138.33169544585772,139.16827084330671,111380900
2022-12-01,145.96925354003906,146.7763188693085,144.29608726911914,145.8708408287867,71250400
2022-12-02,145.4771270751953,145.66413072697534,143.35121453595042,143.6563344518848,65447400
2022-12-05,144.31576538085938,148.5380503426706,143.46933803189978,145.43777233013495,68826400
2022-12-06,140.6544647216797,144.97517704731527,139.68008441838234,144.74881132681773,64727200
2022-12-07,138.71554565429688,141.10718574311466,137.7903792762826,139.9458168978351,69721100
2022-12-08,140.3985595703125,141.25483863673134,138.87303512029186,140.11314322681335,62128300
2022-12-09,139.91629028320312,143.27247380855323,138.67616726979998,140.09344213199822,76097000
2022-12-12,142.2095184326172,142.21935519606154,138.8336463442299,140.44776160871248,70462700
2022-12-13,143.17404174804688,147.6030180487257,141.9634590975565,147.14043487810696,93886200
2022-12-14,140.94970703125,144.34525228867759,138.93205940879196,143.05593056925082,82291200
2022-12-15,134.34561157226562,139.5619643292127,133.88302841156911,138.88285224146853,98931900
2022-12-16,132.3870086669922,135.47744910553232,131.61932069307161,134.53260929976452,160156900
2022-12-19,130.28079223632812,133.0661279935264,129.24737645818792,132.97755207276447,79592600
2022-12-20,130.21192932128906,131.146932591331,127.8399624333377,129.31628812854967,77432800
2022-12-21,133.31219482421875,134.6507305969255,130.65481182459862,130.88117753836192,85928000
2022-12-22,130.1430206298828,132.43624823454394,128.24348886904642,132.22957105725172,77852100
2022-12-23,129.77882385253906,130.3299828406946,127.5938614223824,128.85365768615395,63814900
2022-12-27,127.97772979736328,129.33595400462013,126.68840798575984,129.30642869732836,69007800
2022-12-28,124.05070495605469,128.96194542125178,123.88338987714543,127.62340977201893,85438400
2022-12-29,127.56436920166016,128.42063320760047,125.71404389802797,125.9699349180437,75703700
2022-12-30,127.87933349609375,127.89902204510923,125.41879800683148,126.38333416609474,77034200
2023-01-03,123.09601593017578,128.83399514878522,122.21021915687207,128.2237854341601,112117500
2023-01-04,124.36566162109375,126.62936374107429,123.10586505340991,124.88729543343348,89113600
2023-01-05,123.04681396484375,125.75341088924934,122.79092293482029,125.12351256937882,80962700
2023-01-06,127.57420349121094,128.23362708296847,122.91886125861728,124.02118700839063,87754700
2023-01-09,128.09584045410156,131.30439758356596,127.83994943275363,128.41079711233908,70790800
2023-01-10,128.66671752929688,129.18835147296187,126.09790989326439,128.2041342180523,63896200
2023-01-11,131.3831329345703,131.4028064616691,128.40095662151043,129.1784814447806,69458900
2023-01-12,131.30441284179688,132.14098840377943,129.36550386584642,131.76699610111268,71379600
2023-01-13,132.63308715820312,132.79056549396478,129.58202324711493,129.94617875784812,57809700
2023-01-17,133.79444885253906,135.12313266732727,132.01301865225,132.7019674841355,63646600
2023-01-18,133.0760040283203,136.42233624485746,132.898837136548,134.6605941996835,69672800
2023-01-19,133.13502502441406,134.09955338686564,131.65869966602656,131.96380450388668,58280400
2023-01-20,135.69398498535156,135.84162653742413,132.1015991542997,133.14486670992753,80223600
2023-01-23,138.8828887939453,141.05801539977267,135.72354499448727,135.94007397852303,81760300
2023-01-24,140.2804718017578,140.90053342355856,138.0856717213938,138.0955084866108,66435100
2023-01-25,139.6210479736328,140.1820439497328,136.61918260935104,138.6663561197799,65799300
2023-01-26,141.68792724609375,141.97334365142297,139.66042701976014,140.91038717929476,54105100
2023-01-27,143.6267852783203,144.9062704324847,140.82177572822627,140.90051489349364,70555800
2023-01-30,140.74302673339844,143.2527830109075,140.59540019505755,142.67209860282117,64015300
2023-01-31,142.01266479492188,142.06187864867766,140.03439402480078,140.4477633640219,65874500
2023-02-01,143.13467407226562,144.29605796571016,139.08955653554688,141.69772563249788,77663600
2023-02-02,148.4396209716797,148.79392468833726,145.83143680858885,146.54991104174482,118339000
2023-02-03,152.06150817871094,154.89605760293438,145.4967833818238,145.69362375451536,154357300
2023-02-06,149.33526611328125,150.6836538403975,148.4002628109197,150.1620199448286,69858300
2023-02-07,152.2091522216797,152.77999988075524,148.2624474794368,148.2624474794368,83322600
2023-02-08,149.5222625732422,152.14028370808583,148.7840997356859,151.45133472995892,64120100
2023-02-09,148.48880004882812,151.89419715713953,148.04590544398496,151.3528748543498,56007100
2023-02-10,148.85353088378906,149.17882019931434,147.08909918660703,147.32567733632254,57450700
2023-02-13,151.65298461914062,152.0571182724141,148.7648180243575,148.79438841262413,62199000
2023-02-14,151.0122528076172,151.57412024796835,148.70567235340334,149.94767374239032,61707600
2023-02-15,153.11184692382812,153.27941747242824,150.69683660205456,150.92354792770303,65573800
2023-02-16,151.51499938964844,154.09758049199988,151.16013965459408,151.31784339392544,68167900
2023-02-17,150.3715057373047,150.81507648349086,148.69578567344294,150.17436485465365,59144100
2023-02-21,146.3596954345703,149.13943294111823,146.29070285864162,148.05513496887053,58867200
2023-02-22,146.7835235595703,147.80866542554767,145.0585140913541,146.74408634882758,51011300
2023-02-23,147.2665252685547,148.1931042440918,145.1373820304515,147.94667430552937,48394200
2023-02-24,144.614990234375,145.08813163083056,143.63912200334747,145.00927222460567,55469600
2023-02-27,145.8076629638672,147.039812645864,145.34437348016522,145.60067024018994,44998500
2023-02-28,145.30494689941406,146.95109701970668,144.7332276594082,144.95008720013072,50547000
2023-03-01,143.2349090576172,145.12748883698703,142.9391901768966,144.73320702328428,55479000
2023-03-02,143.82638549804688,144.6149643784106,141.8450789930105,142.31823534576338,52238100
2023-03-03,148.8732452392578,148.95210462024477,145.2260853537234,145.9259379185379,70732300
2023-03-06,151.63328552246094,154.0680147422593,151.26857399298945,151.59384830577196,87558000
2023-03-07,149.4351043701172,151.83039589059405,148.9718149331636,151.50510660246357,56182000
2023-03-08,150.68699645996094,151.2784344169459,149.6618543808646,150.62785567244086,47204800
2023-03-09,148.43951416015625,152.33310365607178,148.08465449485655,151.36710263865677,53833600
2023-03-10,146.37937927246094,148.78453780981002,145.5020893181875,148.06496662146847,68572400
2023-03-13,148.3212432861328,150.95311305935627,145.59079552733544,145.69922529511118,84457100
2023-03-14,150.41098022460938,151.209410853691,147.95654755608294,149.11968969699433,73695900
2023-03-15,150.80526733398438,151.06154904978908,147.7791005346977,149.03096880678774,77167900
2023-03-16,153.6244354248047,154.22572509887632,149.47454848721353,149.98712698991974,76161100
2023-03-17,152.7865753173828,154.50173325502132,152.07685582876627,153.85115455030763,98944600
2023-03-20,155.1522674560547,155.5662829465371,151.94867858194203,152.85555389921097,73641400
2023-03-21,157.0054473876953,157.1237289497417,154.3045697408097,155.07344501678244,73938300
2023-03-22,155.5761260986328,159.8245751633318,155.5564074952064,157.02513511228065,75701800
2023-03-23,156.66043090820312,159.24302685232914,155.4282812343858,156.56186795883147,67622100
2023-03-24,157.9615936279297,158.0503047976887,155.59587218901564,156.5914437450547,59196500
2023-03-27,156.0197296142578,158.47417734472043,155.61558088418133,157.6560281012329,52390300
2023-03-28,155.39869689941406,156.22671283698608,153.75254688783264,155.71413440722972,45992200
2023-03-29,158.47415161132812,158.7501519087846,157.0744315196879,157.09413508315754,51305700
2023-03-30,160.04147338867188,160.14990317241256,158.96704237580855,159.22332411879057,49501700
2023-03-31,162.545166015625,162.64374399803975,159.59787385661696,160.1203040734608,68749800
2023-04-03,163.79708862304688,163.9153702085369,161.87493765436744,161.92422666195276,56976200
2023-04-04,163.26475524902344,164.45746763773894,162.75217680448466,164.22090454094308,46278300
2023-04-05,161.4214630126953,162.69304993016723,159.48946069965245,162.38747921010668,51511700
2023-04-06,162.30862426757812,162.60434321282244,159.686606015777,160.1104583059446,45390100
2023-04-10,159.7161865234375,159.7161865234375,157.79403581892626,159.11489681167845,47716900
2023-04-11,158.50375366210938,160.0414742096721,158.21788648492154,160.03162242596915,47644200
2023-04-12,157.81373596191406,159.7457382241708,157.49829842634344,158.9177372546322,50133100
2023-04-13,163.1957550048828,163.4323331532267,159.11487595150933,159.32188371142138,68445600
2023-04-14,162.85076904296875,163.94491858408577,161.48061917083933,162.23961256067847,49386500
2023-04-17,162.87046813964844,163.02818690758198,161.68760746192598,162.73246797792896,41516200
2023-04-18,164.09275817871094,165.019337094876,163.28446081239204,163.72804670609275,49923000
2023-04-19,165.23623657226562,165.7586669315568,163.1760704888179,163.43236729662357,47720200
2023-04-20,164.27017211914062,165.47275128415967,163.19574132050678,163.71817152684758,52456400
2023-04-21,162.6634979248047,164.07307012591417,162.141067594516,162.6930683177726,58337300
2023-04-24,162.96905517578125,163.23520373133107,161.54961626736943,162.643765839196,41949600
2023-04-25,161.43133544921875,163.93505711689548,161.3918982344198,162.83105575677226,48714100
2023-04-26,161.4214630126953,162.91976126426218,160.47518046288778,160.73146218660858,45498800
2023-04-27,166.0050811767578,166.15293313578908,162.8310621018307,162.8310621018307,64902300
2023-04-28,167.2569122314453,167.42449781718415,165.48262879614657,166.08391841749662,55275900
2023-05-01,167.16822814941406,168.01594783420873,166.23179728666088,166.8626573980738,52472900
2023-05-02,166.1332244873047,167.91739013162538,165.14750459229282,167.66109333275145,48425700
2023-05-03,165.05877685546875,168.47922575134587,164.77292473257992,167.07950544573387,65136000
2023-05-04,163.4224853515625,164.6546351492701,161.9636242025262,162.53534351356944,81235400
2023-05-05,171.0913848876953,171.8109560965244,168.32149974515366,168.5383592942621,113453200
2023-05-08,171.0223846435547,171.36739258858663,169.65223472844943,170.0169462399646,55962800
2023-05-09,169.31707763671875,171.06179068201072,169.14950709207488,170.57879765359286,45326900
2023-05-10,171.08152770996094,171.54481722364216,169.4452292165715,170.54924563088602,53724500
2023-05-11,171.26878356933594,172.0967844383617,169.71134476851833,171.36736154745756,49514700
2023-05-12,170.3409423828125,171.8116866019269,168.79121464447562,171.3773676163626,45533100
2023-05-15,169.847412109375,170.97268634600138,169.2551561693846,170.92332917405315,37266700
2023-05-16,169.847412109375,170.903583292935,169.58089543020992,169.76844364659667,42110300
2023-05-17,170.4594268798828,170.6963172454511,168.21874344813716,169.4920894098534,57951600
2023-05-18,172.78895568847656,172.97650394815378,170.35085843606825,170.76543166507685,65496700
2023-05-19,172.8975067138672,174.11161490131875,172.68034719263906,174.11161490131875,55809500
2023-05-22,171.94989013671875,172.45331220735133,171.2095777379714,171.73273062815065,43570900
2023-05-23,169.343994140625,171.140492823502,169.06761204505847,170.89372201948225,50747300
2023-05-24,169.62039184570312,170.19290197111815,168.31744971265542,168.88007936551583,45143500
2023-05-25,170.75550842285156,171.65374258398057,169.47229739906246,170.18299842572435,56058300
2023-05-26,173.16400146484375,173.49962120538788,170.87397623432938,171.08127033696854,54835000
2023-05-30,175.00987243652344,176.6780456265802,174.28930584342234,174.6742677286896,55964400
2023-05-31,174.96047973632812,177.03336027410137,174.47680359439627,175.0394481918492,99625300
2023-06-01,177.76382446289062,177.79343575638538,174.64463768008144,175.40469602373648,68901800
2023-06-02,178.6127166748047,179.43199760539318,176.94454352013497,178.69168514468382,61996900
2023-06-05,177.26039123535156,182.56102285189482,175.7402747725204,180.27099781019854,121946500
2023-06-06,176.8951873779297,177.79342164547316,175.13816542041533,177.64536518975015,64848400
2023-06-07,175.5231475830078,178.86935913776645,175.02960596689772,176.135134367242,61944600
2023-06-08,178.23760986328125,178.50411146672758,175.16778069465795,175.60208462454239,50214900
2023-06-09,178.62257385253906,179.8761586114367,178.29683460490384,179.15559212759166,48900000
2023-06-12,181.41600036621094,181.51471470308874,178.6324337942364,178.92856174317663,54274900
2023-06-13,180.9422149658203,181.7713612206094,180.08345742062403,180.4388079672042,54929100
2023-06-14,181.57395935058594,182.00827838693002,179.66889592317074,181.00144926283193,57462900
2023-06-15,183.60733032226562,184.11075236554325,181.40613912687283,181.58382192499832,65433200
2023-06-16,182.5314178466797,184.57468723659963,181.88981981135748,184.31803597311566,101256200
2023-06-20,182.62025451660156,183.69618663444365,182.02801364300083,182.02801364300083,49799100
2023-06-21,181.5838165283203,183.01508403325016,180.2315024183292,182.51166200493424,49515700
2023-06-22,184.58453369140625,184.63389085713814,181.29754526800113,181.36664831236425,51245300
2023-06-23,184.26866149902344,185.13729942612093,182.6202345686034,183.1532678644832,53117000
2023-06-26,182.87693786621094,185.6210283951989,182.8374460973597,184.4167854940808,48088700
2023-06-27,185.630859375,185.9565986299679,183.27173119056016,183.48889069387212,50730800
2023-06-28,186.80548095703125,187.4470789620611,185.17679982937508,185.5025240055518,51216800
2023-06-29,187.14109802246094,187.61490879718235,186.49949997485513,186.63769101872532,46347300
2023-06-30,191.46453857421875,191.96794560784363,188.78953634841974,189.1547673916645,85213200
2023-07-03,189.97406005859375,191.37571654835668,189.28308969373236,191.27700219289193,31458200
2023-07-05,188.858642578125,190.48732393792235,188.15780683402295,189.09554798353173,46920300
2023-07-06,189.33242797851562,189.53972207962792,186.756140199604,187.3878728511301,45094300
2023-07-07,188.217041015625,190.1813422528557,187.7827370048323,188.93762268666168,46815000
2023-07-10,186.17376708984375,187.5359467558433,184.62403920180722,186.8153651594175,59922200
2023-07-11,185.650634765625,186.85487763479418,184.1897556525184,186.71668657087457,46638100
2023-07-12,187.3188018798828,189.2238654174545,186.0355905787657,187.22995293607858,60750200
2023-07-13,188.07882690429688,188.72044002337208,187.32864909209994,188.03935020331573,41342300
2023-07-14,188.2268829345703,188.71054402484233,187.1805772351739,187.7728180713282,41616200
2023-07-17,191.48426818847656,191.81000743962883,189.33241906132668,189.421252931179,50520200
2023-07-18,191.22763061523438,191.8198865800326,189.93455398917624,190.85254922844402,48288200
2023-07-19,192.5799560546875,195.66951651285706,190.1615899429346,190.60578947313948,80507300
2023-07-20,190.63539123535156,193.9322456468904,190.01352397351403,192.57006595398724,59581200
2023-07-21,189.46078491210938,192.4516463256053,188.75994909054472,191.5928886113432,71951700
2023-07-24,190.2602996826172,192.3924031537896,189.76675804919924,190.91177825353577,45377800
2023-07-25,191.1190643310547,191.9284798692301,190.42810903120733,190.83281680029503,37283200
2023-07-26,191.98768615722656,193.11296042478057,190.8229351880455,191.1684052777898,47471900
2023-07-27,190.7241973876953,194.65278390019768,190.06285351948284,193.4880330742484,47460200
2023-07-28,193.30052185058594,194.09019149232068,191.63234868611636,192.15550162315532,48291400
2023-07-31,193.91250610351562,193.9519978690126,192.73787459795656,193.52754422924545,38824100
2023-08-01,193.0833282470703,194.1888565133771,192.75758901252786,193.7051954277144,35175100
2023-08-02,190.09246826171875,192.65887532596588,189.37190180440743,192.52068429221174,50389300
2023-08-03,188.70068359375,189.8851803589987,188.22688789998924,189.09552588996192,61235200
2023-08-04,179.63929748535156,184.95967593788856,179.57019442385428,183.12370037395337,115956800
2023-08-07,176.53982543945312,180.76454006954836,175.05920073091434,179.7774569305225,97576100
2023-08-08,177.47756958007812,177.94149990785485,175.2862435821482,177.3689898212007,67823000
2023-08-09,175.8883514404297,178.59294967088076,174.72358547458126,178.53372709089916,60378500
2023-08-10,175.67120361328125,178.41529378720278,175.30598763799586,177.16169386807627,54686900
2023-08-11,175.73049926757812,176.5508864753638,174.5048729038775,175.2659575562626,52036700
2023-08-14,177.38116455078125,177.60849603671858,175.2560608313475,175.90841909398483,43675600
2023-08-15,175.39442443847656,177.40090780634856,174.99906405268155,176.80786722765603,43622600
2023-08-16,174.52464294433594,176.47180884084688,174.45544657600635,175.07815356283987,46964900
2023-08-17,171.98440551757812,175.4537406821077,171.47042491030345,175.08803154260252,66062900
2023-08-18,172.46873474121094,173.07166917955516,169.96804315644715,170.30410101859755,61172200
2023-08-21,173.80308532714844,174.08973444525807,171.7274205434044,173.0420157807921,46311900
2023-08-22,175.177001953125,175.62178623446252,174.20835828322907,175.00897300604348,42038900
2023-08-23,179.02194213867188,179.44696895877536,176.2642675025049,176.45206899868776,52722800
2023-08-24,174.33682250976562,179.00214733275968,173.9710983264249,178.57712060131817,54945800
2023-08-25,176.54098510742188,177.0747231196245,173.78331106065053,175.3252376314931,51449600
2023-08-28,178.10269165039062,178.49805204021447,176.48168992086147,178.0038440119186,43820700
2023-08-29,181.98716735839844,182.75813070921157,177.4206898063463,177.61837000977968,53003900
2023-08-30,185.47630310058594,185.6739984160231,182.60002327821,182.7977035116121,60813900
2023-08-31,185.69375610351562,186.92927641629686,185.3082743692093,185.6641048225717,60794500
2023-09-01,187.26535034179688,187.7200133732383,186.09901131803056,187.29500162288934,45766500
2023-09-05,187.50254821777344,187.7793035443977,185.43676200045883,186.09899903788357,45280000
2023-09-06,180.79119873046875,186.66239298088038,179.3678770840619,186.21759365485326,81755800
2023-09-07,175.50315856933594,176.14563807720947,171.5297216636145,173.1507234483217,112488800
2023-09-08,176.11598205566406,178.15213198996554,175.7305003611282,176.2840260730559,65551300
2023-09-11,177.28231811523438,178.21143169284028,175.28571330476424,177.98410020535158,58953100
2023-09-12,174.25775146484375,178.04338672084478,172.79489994360574,177.4108010563609,90370200
2023-09-13,172.1919708251953,175.24617287306006,171.96462426919445,174.46531572894506,84267900
2023-09-14,173.7042694091797,174.06009984649242,171.5692867853032,171.98441978182902,60895800
2023-09-15,172.98268127441406,174.45542656560403,171.80647888602266,174.4356540223445,109259500
2023-09-18,175.90841674804688,177.30208708635865,174.1292647291417,174.43567131089117,67257600
2023-09-19,176.99566650390625,177.54917706999674,175.07813698421282,175.46361863431386,51826900
2023-09-20,173.4571533203125,177.61837681135137,173.36818440563272,177.18347129792434,58436200
2023-09-21,171.91519165039062,174.25774788080986,171.84601037143327,172.52801984046553,63149100
2023-09-22,172.76524353027344,175.0287248458324,172.03382526857388,172.6466384244914,56725400
2023-09-25,174.0403289794922,174.92001880772483,172.13267784152856,172.18210166869468,46172700
2023-09-26,169.96803283691406,173.17049122867175,169.67150500159482,172.79490338049743,64588900
2023-09-27,168.45574951171875,171.0355161486817,167.09174554279588,170.6203831944849,66921800
2023-09-28,168.71275329589844,170.03722730338785,165.67830850769053,167.37838547451082,56294400
2023-09-29,169.22671508789062,171.06516950648842,168.3667828862352,170.027329658855,51861100
2023-10-02,171.73727416992188,172.28090596787308,168.94993390517055,169.23658298137698,52164500
2023-10-03,170.4029083251953,171.61867083541966,168.84122435442626,170.2645306917589,49594600
2023-10-04,171.6483612060547,172.19199313339385,168.98951921036945,169.10812432832188,53020300
2023-10-05,172.8838653564453,173.41760341955526,170.67968657288918,171.77682905786853,48527900
2023-10-06,175.43399047851562,175.92819856079907,171.17390414032383,171.78673241813826,57266700
2023-10-09,176.91659545898438,176.97589800927489,173.76354582426052,174.7618406122257,42390800
2023-10-10,176.3235626220703,177.63815795783916,175.8886570875863,176.03692856454262,43698000
2023-10-11,177.71722412109375,177.76664794425923,175.54271164011269,176.13575227199846,47551100
2023-10-12,178.61668395996094,180.227791982292,176.96601576479657,177.98409824545533,56743100
2023-10-13,176.77822875976562,179.82253713140665,176.07644667980117,179.31845034069394,51427100
2023-10-16,176.64974975585938,177.00558020178707,174.46534325240765,174.70256857703768,52517000
2023-10-17,175.09791564941406,176.35320838797153,172.77514673671925,174.60370757241088,57549400
2023-10-18,173.80308532714844,175.52293478970745,173.08154578913502,173.54610256783715,54764400
2023-10-19,173.42750549316406,175.77992569036093,173.16062890788183,174.0007735918687,59302900
2023-10-20,170.87738037109375,173.38795063159753,170.64015507731645,173.2792242572037,64244000
2023-10-23,170.99600219726562,171.99429712738208,167.96155723103598,168.93021596381925,55980100
2023-10-24,171.430908203125,171.6582397062376,169.46395453488128,171.04542648826694,43816600
2023-10-25,169.11801147460938,171.0552987076063,168.67321213575732,169.88897487497013,57157000
2023-10-26,164.95677185058594,169.39476582537458,163.75090293239452,168.3964558542296,70625300
2023-10-27,166.27137756347656,167.00281099505466,164.89747962237493,164.97655472973753,58499100
2023-10-30,168.31736755371094,169.18717852998205,166.91381853056686,167.06208999172168,51131000
2023-10-31,168.79183959960938,168.92032345051314,165.95507483465602,167.3882903979478,44846000
2023-11-01,171.9547576904297,172.2117404582064,168.14934950515965,169.01916053768616,56934900
2023-11-02,175.51307678222656,175.72063574409248,173.4275179386151,173.4868204991482,77334800
2023-11-03,174.6037139892578,174.77175801380423,171.34195262679097,172.2216424329047,79829200
2023-11-06,177.15383911132812,177.3515193436343,174.1688329148246,174.33686186638658,63841300
2023-11-07,179.7138214111328,180.32663456302825,176.89682951103612,177.1043884447924,70530000
2023-11-08,180.7714385986328,181.32494925868284,179.48649451949703,180.23770048559436,49340300
2023-11-09,180.29698181152344,181.98716487212562,179.7039261272927,180.84061367506283,53763500
2023-11-10,184.48350524902344,184.6517706680945,181.64301825007877,182.07849676599454,66133400
2023-11-13,182.8999481201172,184.11729742228064,182.31601793716675,183.9094650326421,43627500
2023-11-14,185.5127716064453,186.17588095169376,184.3844935246658,185.77009288758788,60108400
2023-11-15,186.07691955566406,187.55160515956638,185.84928859059917,185.91857611582427,53790500
2023-11-16,187.7594757080078,188.9966236513369,186.7103615664657,187.6209157424311,54412900
2023-11-17,187.7396697998047,188.42257785422723,186.63119011836693,188.29390964052354,50922700
2023-11-20,189.4815673828125,189.93684445013852,187.92771748948175,187.93760923589429,46505100
2023-11-21,188.67990112304688,189.55085808280586,187.78916067013205,189.44198846283598,38134500
2023-11-22,189.343017578125,190.94635649331246,188.8679569924961,189.52117473642568,39617700
2023-11-24,188.01678466796875,188.93721542830764,187.30418629136327,188.9075250877743,24048300
2023-11-27,187.83865356445312,188.70961061258598,186.95780476873864,187.96732179253766,40552600
2023-11-28,188.44236755371094,189.11538388382388,187.45264920500045,187.82874701011957,38415400
2023-11-29,187.42294311523438,190.11497800569174,187.02706184977393,188.93721085337887,43014200
2023-11-30,187.99697875976562,188.36318478193425,186.2550800746654,187.888109148078,48794400
2023-12-01,189.27374267578125,189.5904446947665,187.28439912721964,188.37309535289532,45704800
2023-12-04,187.48233032226562,188.09596593756666,185.52269231677565,188.02667840765253,43389500
2023-12-05,191.4313201904297,192.40123993854135,188.22462732075607,188.25433276481266,66628400
2023-12-06,190.34262084960938,192.7575206909756,190.1347733725338,192.45071045016567,41089700
2023-12-07,192.2725830078125,192.99507315570867,191.59956669458757,191.63916388460834,47477700
2023-12-08,193.69775390625,193.97487379172213,191.67872033849463,192.20326977184553,53406400
2023-12-11,191.1937713623047,191.5005967167582,189.4518726145205,191.12449893522992,60943700
2023-12-12,192.7080535888672,192.71794533501543,189.748790485074,191.09480795445688,52696900
2023-12-13,195.9246368408203,195.96421892707963,192.8466123940007,193.08413511536142,70404200
2023-12-14,196.07308959960938,197.56755876987646,194.14314196862804,195.9840185786185,66831600
2023-12-15,195.5386505126953,196.36010340669733,194.97450383643803,195.4990533238864,128538400
2023-12-18,193.8759002685547,194.60829718334298,192.39132294807408,194.07384089090513,55751900
2023-12-19,194.91514587402344,194.9250376214273,193.87593852424982,194.14316672319833,40714100
2023-12-20,192.82684326171875,195.64753172216422,192.82684326171875,194.87555255598716,52242800
2023-12-21,192.6783447265625,195.0536776254948,191.51048442189503,194.08375795359612,46482500
2023-12-22,191.60946655273438,193.40085423729087,190.98593919883143,193.17320815773428,37149600
2023-12-26,191.06512451171875,191.89648427525853,190.84738527337694,191.6193643540786,28919300
2023-12-27,191.16409301757812,191.5105004803971,189.12527563548673,190.5108903848591,48087700
2023-12-28,191.58969116210938,192.65858885458314,191.18390299052217,192.14393105407996,34049900
2023-12-29,190.55043029785156,192.40119836773263,189.75865277373288,191.90633930289596,42672100
2024-01-02,183.73130798339844,186.5025222946912,181.99930092657837,185.22577720716953,82488700
2024-01-03,182.35560607910156,183.96885182302105,181.5440297827802,182.32591573673892,58414500
2024-01-04,180.03965759277344,181.2075179249861,179.0202489631632,180.27718031693732,71983600
2024-01-05,179.31715393066406,180.88091065327836,178.31754388665928,180.1188384374096,62379700
2024-01-08,183.6521453857422,183.69174257913158,179.63389106527006,180.21782130157615,59144500
2024-01-09,183.23643493652344,183.24632668227045,180.8512103460259,182.0289774717032,42841800
2024-01-10,184.2756805419922,184.48351295933534,182.02901543293186,182.45460221923815,46792900
2024-01-11,183.6818084716797,185.12680377786887,181.73206228896322,184.6220377994394,49128400
2024-01-12,184.00843811035156,184.82001442518902,183.28594792653803,184.14699807850627,40477800
2024-01-16,181.7419891357422,182.3655014396163,179.06973745492456,180.28710192352952,65603000
2024-01-17,180.80174255371094,181.04917214343425,178.44622312883942,179.40625114511818,47317400
2024-01-18,186.6905517578125,187.19530261085842,183.91933773499053,184.17665903424702,78005800
2024-01-19,189.59043884277344,189.97642838325277,186.8786203129096,187.38337121910467,68903000
2024-01-22,191.89646911621094,193.3216657993532,190.28322355100102,190.32282073770045,60133900
2024-01-23,193.1732177734375,193.73736447446063,191.83710707958323,193.01487431695855,42355600
2024-01-24,192.5001983642578,194.36087349468033,192.3418398208385,193.41073733606618,53631300
2024-01-25,192.173583984375,194.251998276528,191.12448509283354,193.2127911304515,54822100
2024-01-26,190.4415740966797,192.75751105858055,189.966513589549,192.27255880614135,44594000
2024-01-29,189.7587127685547,190.2238816447227,187.63082415775594,190.0358327243265,47145600
2024-01-30,186.10662841796875,189.82797900977772,185.54249682198056,188.97682064057707,55859400
2024-01-31,182.50404357910156,185.17629499887522,182.45456974695213,185.11689921687164,55467800
2024-02-01,184.9387664794922,185.02783750412453,181.93002942176474,182.0982797244824,64885400
2024-02-02,183.93914794921875,185.40392677166545,177.4070012757119,178.01073002917815,102551700
2024-02-05,185.75033569335938,187.3042007769885,183.92925752426459,186.21550453356022,69668800
2024-02-06,187.3536834716797,187.36357521832525,184.8496972971495,184.93876832266957,43490800
2024-02-07,187.46253967285156,189.08567701882757,186.6707620426896,188.67988890685803,53439000
2024-02-08,186.38375854492188,187.59120098390878,185.42373058041275,187.44274927884152,40962000
2024-02-09,187.1468048095703,188.2765227675386,186.30446474496694,186.9485964735415,45155200
2024-02-12,185.46214294433594,186.9684387436886,185.10538907399385,186.72069342042812,41781900
2024-02-13,183.37115478515625,184.53061609699293,181.85495475727518,184.0945819491523,56529500
2024-02-14,182.4891815185547,183.85674041023526,180.79461213824646,183.64864282656313,54630500
2024-02-15,182.20179748535156,182.82612045767794,179.71444020641266,181.89459574378543,65434500
2024-02-16,180.665771484375,183.18287207946292,180.0315441516518,181.76576116844507,49752500
2024-02-20,179.9225311279297,180.78467987026374,178.37660298808711,180.1504525533752,53665600
2024-02-21,180.67572021484375,181.24057170015067,179.03068760645021,180.29914247718926,41371400
2024-02-22,182.7072296142578,183.29192011230285,180.81446669725386,181.8252568033474,52292200
2024-02-23,180.8739013671875,183.3711632214272,180.58650833781007,183.34143499372246,45119700
2024-02-26,179.5261688232422,181.11172976770854,179.02075870271764,180.59643039937333,40867400
2024-02-27,180.98287963867188,182.26123857968312,177.94056046222855,179.46667979462939,54318900
2024-02-28,179.7838134765625,181.46847854843006,178.50545433930714,180.8639793914523,48953900
2024-02-29,179.11984252929688,180.9234354771045,177.9108443188521,179.63515696026653,136682600
2024-03-01,178.0396728515625,178.90182159301432,175.78023709238585,177.93066432277888,73563100
2024-03-04,173.52081298828125,175.30456703921072,172.22261492332544,174.56133114426578,81510100
2024-03-05,168.5857391357422,170.48842147609815,168.09024847040442,169.21996658252752,95132400
2024-03-06,167.59474182128906,169.69563232435493,167.15870765798908,169.5172478388351,68587700
2024-03-07,167.47581481933594,169.1902079797121,166.97041987504164,167.62445594378354,71765100
2024-03-08,169.1902313232422,172.13344696276567,167.41638146834518,167.47583792632756,76267000
2024-03-11,171.19198608398438,172.80729012575145,170.4983023339276,171.38027491353657,60139500
2024-03-12,171.66766357421875,172.46045153320196,169.4676841705973,171.58838326620315,59825400
2024-03-13,169.58660888671875,171.6280276345068,169.21993557914925,171.21181736641944,52488700
2024-03-14,171.43975830078125,172.73794133442243,170.49832912625453,171.35057361629615,72913500
2024-03-15,171.0631561279297,171.0631561279297,168.75416830335303,169.6262365278927,121752700
2024-03-18,172.15325927734375,176.107279800922,171.95506605696912,173.98658058844927,75604200
2024-03-19,174.49197387695312,175.01719271038215,171.46947815172825,172.76766112194616,55215200
2024-03-20,177.05860900878906,177.05860900878906,173.51089450186836,174.1352174960067,53423100
2024-03-21,169.82444763183594,175.8892630091755,169.29922879245808,175.45322885093574,106181300
2024-03-22,170.72625732421875,171.48931715990707,168.5262776263353,170.210942813777,71160100
2024-03-25,169.30914306640625,170.3893089389317,167.92176032191367,169.03166954174233,54288300
2024-03-26,168.179443359375,169.8740129173693,168.05061095138228,168.46682128354186,57388400
2024-03-27,171.74696350097656,172.0343565405087,168.57582642397568,168.87312383270142,60273300
2024-03-28,169.93344116210938,170.67667701496117,168.97218824939392,170.2010103030642,65672700
2024-04-01,168.49652099609375,169.70551918920845,167.95147834818596,169.64606274055888,46240500
2024-04-02,167.3172607421875,167.81275133793278,166.71276161053132,167.55510167176752,49329500
2024-04-03,168.1199493408203,169.14065873561202,167.05960735256843,167.26770493028647,47691700
2024-04-04,167.29747009277344,170.3695030458197,167.29747009277344,168.75419869027797,53704400
2024-04-05,168.05059814453125,168.85329051832247,167.42627513328318,168.06050251317026,42104800
2024-04-08,166.9307861328125,167.67402205960258,166.72268854116854,167.50555706407098,37425500
2024-04-09,168.1397705078125,168.54607640984824,166.83168324813985,167.17851757917794,42373800
2024-04-10,166.26683044433594,167.5650134431552,165.60287483124418,167.27763553824258,49709300
2024-04-11,173.4613494873047,173.87757491447604,166.64340884278624,166.8217782077108,91070300
2024-04-12,174.95774841308594,176.7514221146486,172.63885584160187,172.68839280877705,101670900
2024-04-15,171.13255310058594,175.0370216134587,170.94426424521788,173.77847120218846,73531800
2024-04-16,167.85240173339844,172.19288913903023,166.7524119884344,170.20102235595408,73711200
2024-04-17,166.48483276367188,169.1109267558204,166.48483276367188,168.08031301583728,50901200
2024-04-18,165.53347778320312,167.11905360596796,165.04790671737481,166.51455452467067,43122900
2024-04-19,163.51190185546875,164.89926951971245,162.6002009445124,164.7109957890585,68149400
2024-04-22,164.3443145751953,165.75150603037284,163.28397258003716,164.0272084619306,48116400
2024-04-23,165.39476013183594,165.54341638804536,163.43262154349364,163.85875133255257,49537800
2024-04-24,167.4956512451172,167.77312477902248,164.71099641624178,165.03800691456527,48251800
2024-04-25,168.35780334472656,169.07131105182287,166.63349053238153,168.0010494911784,50558300
2024-04-26,167.77308654785156,169.79468113723124,167.65415854529743,168.34785734315807,44838400
2024-04-29,171.93524169921875,174.44242297655094,171.53885525962073,171.80640930182136,68169400
2024-04-30,168.7938232421875,173.4117990890393,168.46679764398493,171.76676673002254,65934800
2024-05-01,167.77308654785156,171.15233539143642,167.5847977382134,168.0505600185278,50383100
2024-05-02,171.46946716308594,171.85594920671264,169.34876810707777,170.95415273119292,94214900
2024-05-03,181.72613525390625,185.31348231884328,181.01262758822543,184.9666328542693,163224100
2024-05-06,180.0712127685547,182.53874644704828,178.79283846563771,180.70544017490002,78569700
2024-05-07,180.75497436523438,183.23242749590466,179.68472791941784,181.79550770435065,77305800
2024-05-08,181.0919189453125,181.4189445721307,179.81354466582562,181.20092748758523,45057100
2024-05-09,182.9054412841797,182.99462597964828,180.46762042647373,180.91355902499257,48983000
2024-05-10,181.64517211914062,183.66950932429603,180.7322345449188,183.4809650708303,50759500
2024-05-13,184.850341796875,185.66405574980115,183.20307828852305,184.0167922414492,72044800
2024-05-14,185.99154663085938,186.8548800445926,184.8602962551219,186.0709344816443,52393600
2024-05-15,188.2639923095703,189.18684774302332,185.9320213621053,186.46788560358823,70400000
2024-05-16,188.383056640625,189.6333963773736,188.20444533062346,189.0082265089993,52845200
2024-05-17,188.41281127929688,189.34559954047234,187.72810435814964,188.0555735439889,41282900
2024-05-20,189.57382202148438,190.44707314635468,187.5594028379898,187.87695420764547,44361300
2024-05-21,190.873779296875,191.25085261805762,189.4547462309282,189.62343971650407,42309400
2024-05-22,189.43490600585938,191.3401840301744,188.8097513226368,190.79440205142186,34648500
2024-05-23,185.4457550048828,189.5341303535584,185.1976736824305,189.5142796080912,51005900
2024-05-24,188.52197265625,189.11737394472448,186.59685898409072,187.37088671578107,36327000
2024-05-28,188.53189086914062,191.5187845976106,187.64872194997955,190.04021443649896,52280100
2024-05-29,188.82960510253906,190.77456966628964,188.05559245514976,188.15483105781396,53068000
2024-05-30,189.82192993164062,190.70509898235173,189.16700663796175,189.29599865097472,49889100
2024-05-31,190.7745361328125,191.09208749217237,188.45249859880175,189.9707550742459,75158300
2024-06-03,192.5408935546875,193.49353258818425,191.04248767189634,191.41956102246726,50080500
2024-06-04,192.8584442138672,193.82100104656786,191.548567440495,193.1462119125533,47471400
2024-06-05,194.3667755126953,195.38886948576234,193.37445009094603,193.9003813531384,54156800
2024-06-06,192.9874267578125,194.9919281725913,192.67980832687616,194.1881470745491,41181800
2024-06-07,195.3789520263672,195.4285713258788,192.65005711175448,193.15613762673084,53103900
2024-06-10,191.6378631591797,195.7857909182053,190.6753063763642,195.3888517006261,97010200
2024-06-11,205.5601806640625,205.57011360777915,192.14395345618084,192.16378906024917,172373300
2024-06-12,211.43478393554688,218.5100538646653,205.3121227860245,205.7785169434978,198134300
2024-06-13,212.59579467773438,215.08652592836702,209.9760562824749,213.09195736730385,97862700
2024-06-14,210.85922241210938,213.5186471242216,209.67835280423736,212.20878551515116,70122700
2024-06-17,215.0071258544922,217.2696263789355,211.08744385812574,211.73244926121387,93728300
2024-06-18,212.6453857421875,216.95208913019513,211.36529274424583,215.9200623200828,79943300
2024-06-20,208.07077026367188,212.59578653831548,207.24715355520107,212.28815296354617,86172500
2024-06-21,205.89759826660156,210.26382387597764,205.5205097773767,208.77533580800622,241805100
2024-06-24,206.54258728027344,211.0675882243761,205.00448003735443,206.12581247138846,80727000
2024-06-25,207.46546936035156,209.75773850908567,207.0089930344414,207.54484206411715,55549700
2024-06-26,211.61338806152344,213.2110325348534,209.0234182045521,209.87681864015101,66213200
2024-06-27,212.45689392089844,214.08430712231802,210.72032430967755,213.04236232724844,49772700
2024-06-28,209.00355529785156,214.41174043740799,208.68601906723538,214.1140398112984,82542700
2024-07-01,215.0865020751953,215.84066382869798,210.29356920849017,210.4622626872336,60402900
2024-07-02,218.5795135498047,218.6886699462021,213.44919320249295,214.4911227279333,58046200
2024-07-03,219.8496856689453,219.8496856689453,217.34902153194005,218.31157833867707,37369800
2024-07-05,224.6029052734375,224.71206166235044,219.94889718329503,219.94889718329503,60412400
2024-07-08,226.0715789794922,226.10134753003678,221.53664465186893,225.34717053841655,59085900
2024-07-09,226.92494201660156,227.63941744293055,224.63267299949706,226.18069804264906,48076100
2024-07-10,231.19195556640625,231.29119415797783,227.49058625437067,227.54020555015646,62627700
2024-07-11,225.823486328125,230.60648662367137,224.03729767642758,229.61416127735984,64710600
2024-07-12,228.7706756591797,230.8545649156238,226.92494993371525,227.16311346469493,53046500
2024-07-15,232.60107421875,235.40935699641528,231.3011303310065,234.66511292556817,62631300
2024-07-16,233.017822265625,234.45669084850812,230.54692694431867,233.19643354245886,43234300
2024-07-17,227.12342834472656,229.6836295353235,224.9006141352506,227.68904591405493,57345900
2024-07-18,222.45948791503906,228.67145424701283,220.56415801938329,228.51267855827928,66034600
2024-07-19,222.58848571777344,225.05938116686082,221.5663918696606,223.09458131167176,49151500
2024-07-22,222.24119567871094,226.03187070395737,221.3778623137636,225.26777593230437,48201800
2024-07-23,223.2831268310547,225.19832267550643,220.97100689389265,222.64803919770813,39960300
2024-07-24,216.86279296875,223.0747598557794,215.46362561910502,222.28089648286087,61777600
2024-07-25,215.8208465576172,219.15506035064124,212.97286249707204,217.24978234747041,51391200
2024-07-26,216.28724670410156,217.80550332568987,214.35220009781358,217.02155779536062,41601300
2024-07-29,216.5651092529297,217.61697179557376,214.0942134588753,215.29493390237633,36311800
2024-07-30,217.1207733154297,218.63902977566391,214.4613337033208,217.50777956722112,41643800
2024-07-31,220.3756103515625,222.10226187087767,218.93674165630796,219.7405227481965,50036300
2024-08-01,216.6841583251953,222.7571844619209,215.35444602521784,222.64802807062824,62501000
2024-08-02,218.1726531982422,223.86860618805187,216.0391597412521,217.46809553371503,105568600
2024-08-05,207.66392517089844,211.8614570593827,194.49576385779395,197.56204548052773,119548600
2024-08-06,205.6396026611328,208.37843064571763,199.52688928096438,203.72442177434476,69660500
2024-08-07,208.209716796875,212.00039184379946,204.80603289763474,205.31211338628992,63516400
2024-08-08,211.67291259765625,212.5560815310077,207.22729938249148,211.47445056104476,47161100
2024-08-09,214.58045959472656,215.11630867247783,210.34322570654538,210.47223285968454,42201600
2024-08-12,216.11038208007812,218.07745621052726,214.19298467780987,214.65991863613397,38028100
2024-08-13,219.82598876953125,220.44193777769505,217.58072790378117,217.58072790378117,44155300
2024-08-14,220.27304077148438,221.5744891931242,218.2662191901357,219.13055181670978,41960600
2024-08-15,223.2534942626953,223.87938777785382,221.30627841509732,223.1342822252218,46414000
2024-08-16,224.5747833251953,225.34969177239586,222.19043681447837,222.45867901826594,44340200
2024-08-19,224.4158477783203,224.515201244893,221.5844407323156,224.24695901251525,40687800
2024-08-20,225.0317840576172,225.68748051768907,223.97870407222223,224.29662301984854,30299000
2024-08-21,224.92250061035156,226.4921913011218,223.58131984717622,225.04172779494317,34765500
2024-08-22,223.06471252441406,226.84984597984075,222.43881906323927,226.30343225653021,43695300
2024-08-23,225.35963439941406,226.73063334528243,222.866020162344,224.187342377279,38677300
2024-08-26,225.69740295410156,225.79675641202357,222.4288803537143,225.28014571740593,30602200
2024-08-27,226.54185485839844,227.356510742363,223.42234738221904,224.52510403050715,35934600
2024-08-28,225.01193237304688,228.35993491185639,224.20720569696516,226.43259292076607,38052200
2024-08-29,228.29039001464844,231.3999685703833,227.38634017099784,228.59837969678284,51906300
2024-08-30,227.50555419921875,228.8964117856607,225.99546942021698,228.68779072729976,52990800
2024-09-03,221.31619262695312,227.50553099413642,219.7266282681139,227.05847075546578,50190600
2024-09-04,219.4087371826172,220.33266071869627,216.06071952153204,220.21344869061124,43840200
2024-09-05,220.92872619628906,224.00848612752256,220.07433805346514,220.18362078658942,36615400
2024-09-06,219.37892150878906,223.7700744804958,218.33577084564575,222.4884846157397,48423000
2024-09-09,219.46832275390625,219.82597396405737,215.29573540828238,219.37891374117063,67180000
2024-09-10,218.67356872558594,220.03462329185413,215.3156216628219,217.49133220778626,51591000
2024-09-11,221.20692443847656,221.63411098197892,216.4680492147489,220.01475867053273,44587100
2024-09-12,221.31619262695312,222.09110108310472,218.38544755210194,221.04795042006705,37455600
2024-09-13,221.04795837402344,222.57790161811045,220.46181236980377,222.12091208096655,36766600
2024-09-16,214.90830993652344,215.80243050187988,212.52396316355507,215.12686027714844,59357400
2024-09-17,215.37522888183594,215.4845116318028,213.10018001697546,214.34202255786693,45519300
2024-09-18,219.24977111816406,221.25659276615585,216.12031904206836,216.13026348358338,59894900
2024-09-19,227.3763885498047,228.32020097310811,223.16406850984052,223.52171975466862,66781300
2024-09-20,226.71075439453125,231.56884144729943,226.1345376792504,228.46920754640476,318679900
2024-09-23,224.99203491210938,227.95258288382507,224.336338501163,225.8563523524968,54146000
2024-09-24,225.88613891601562,227.85322800568392,224.25684244810932,227.15778420027385,43556100
2024-09-25,224.8927001953125,225.80669443859438,222.55804543582803,223.462095237407,42308700
2024-09-26,226.0352020263672,227.00880227293717,223.9389713421174,225.81663654010723,36636700
2024-09-27,226.3034210205078,228.02214184296878,225.8166284941723,226.9690618971705,34026000
2024-09-30,231.4794464111328,231.4794464111328,228.15130238402674,228.53875664504176,54541900
2024-10-01,224.7337646484375,228.15130254219565,222.27988260723768,228.02216122790813,63285000
2024-10-02,225.30003356933594,225.8861795938886,221.56457676904253,224.41584231153624,32880600
2024-10-03,224.19725036621094,225.3298099915582,221.86259582618194,223.6707104185886,34044200
2024-10-04,225.31988525390625,226.51205091107013,222.66731173997377,226.41269745663615,37245100
2024-10-07,220.2432403564453,224.21713611955545,219.885589131397,223.0348997045567,39505400
2024-10-08,224.29660034179688,224.50522136577493,221.79304193960246,222.83619253711748,31855700
2024-10-09,228.04200744628906,228.25064364916537,223.36275355639287,223.7601370790405,33591100
2024-10-10,227.5452880859375,228.0022928156644,225.6874964769055,226.2935162493635,28183500
2024-10-11,226.06500244140625,227.91286461183438,225.85636623992795,227.80358186995707,31759200
2024-10-14,229.79052734375,230.21771386522883,227.1081507143634,227.20748901369805,39882100
2024-10-15,232.3238983154297,235.9401430278398,230.85354589755886,232.08545910083197,64751400
2024-10-16,230.26736450195312,230.60514196799298,228.34002283458457,230.0885464878877,34082200
2024-10-17,230.63499450683594,232.32391251820164,229.0156421145612,231.9066400773438,32993800
2024-10-18,233.46636962890625,234.6386615701971,232.4828249974097,234.6386615701971,46431500
2024-10-21,234.9367218017578,235.30431748145634,232.9199708414818,232.9199708414818,36254500
2024-10-22,234.32078552246094,234.67843677993508,231.0820656392084,232.36364046895116,38846600
2024-10-23,229.25404357910156,233.60546433739609,226.27362172475395,232.55238437433343,52287000
2024-10-24,229.0653076171875,229.3136761173618,226.91940013747097,228.47914643577636,31109500
2024-10-25,229.89981079101562,231.69799621804017,228.07182235817814,228.2407111108546,38802300
2024-10-28,231.87681579589844,233.19813797949908,231.032372026897,231.7973512193415,36087100
2024-10-29,232.14505004882812,232.80074647701065,230.80386934668286,231.57877779482254,35417200
2024-10-30,228.59835815429688,231.94636045913163,228.05194445904854,231.09197226998216,47070900
2024-10-31,224.4357147216797,228.33013097812315,223.89923027313517,227.84332326136388,64370100
2024-11-01,221.4552764892578,223.87935529424118,218.83250593091054,219.5279346472888,65276700
2024-11-04,220.56114196777344,221.33605042122997,218.2761640538016,219.54780947276666,44944500
2024-11-05,221.9917449951172,222.4884819564664,219.6968226591573,220.35251908634842,28111300
2024-11-06,221.2665252685547,224.5946691536601,219.74651129717958,221.15724252476647,54561100
2024-11-07,225.99545288085938,226.39285156162418,223.10445516924474,223.16406118155706,42137700
2024-11-08,225.7269287109375,227.4176895436531,225.17991383614745,225.9357792784742,38328800
2024-11-11,223.01174926757812,224.47376393957063,220.29658566640109,223.77757009002366,42005600
2024-11-12,223.01174926757812,224.36436096493557,222.14648085284745,223.33001798502116,40398300
2024-11-13,223.89691162109375,225.4185978724207,221.54973296285615,222.79294167641658,48566200
2024-11-14,226.98007202148438,227.62653447284012,223.77756520755418,223.7974607959322,44923900
2024-11-15,223.77757263183594,225.68713943052106,223.0515429787679,225.16996034674554,47923700
2024-11-18,226.7811737060547,228.49183017609323,223.94665165924164,224.0262188410909,44633700
2024-11-19,227.03973388671875,228.90952454109907,225.42854034251505,225.7467938634959,36211800
2024-11-20,227.75584411621094,228.68078414631773,224.6627401240164,226.82094870348703,35169600
2024-11-21,227.27845764160156,228.90954693288327,224.48372676835862,227.63650237265796,42108300
2024-11-22,228.62110900878906,229.46649702017746,226.82094518602503,226.82094518602503,38168300
2024-11-25,231.60479736328125,231.982737654973,228.4918131754458,230.2024695182051,90152800
2024-11-26,233.7829132080078,234.29015208323423,232.06231657216094,232.06231657216094,45986200
2024-11-27,233.65362548828125,234.4095061449918,232.53971526898803,233.19613315216662,33498400
2024-11-29,236.04058837890625,236.51797629056327,232.698842645531,233.5342752849028,28481400
2024-12-02,238.2882843017578,239.4817615684827,235.8714939748314,235.98089694287458,48137100
2024-12-03,241.33168029785156,241.441083276618,237.60205398884364,238.50711361537608,38861000
2024-12-04,241.68971252441406,242.78374225546824,239.9392801306149,241.55047375645148,44383900
2024-12-05,241.71954345703125,243.21139387343032,240.81449907142343,242.66439419479377,40033900
2024-12-06,241.5206298828125,243.30091318780651,240.76476447856876,241.59025685240857,36870600
2024-12-09,245.40940856933594,245.89675186527563,240.43657354260168,240.516140724136,44649200
2024-12-10,246.4238739013672,246.861485816723,244.0070681600661,245.54865007065558,36914800
2024-12-11,245.1508331298828,249.43741460876686,244.92207178593077,246.61284788068906,45205800
2024-12-12,246.61285400390625,247.388615093895,244.3452271532981,245.54865996903848,32777500
2024-12-13,246.7819061279297,247.9355922748061,244.90217516923994,246.47359279661413,33155300
2024-12-16,249.67608642578125,250.01425073054844,246.3045049916291,246.6426692963963,51694800
2024-12-17,252.1028289794922,252.45093348613432,248.42293425963442,248.72130738305802,51356400
2024-12-18,246.7023468017578,252.89849494785605,246.39403346062903,250.7900177691265,56774100
2024-12-19,248.43287658691406,250.6308762664829,245.7475488049507,246.15532490458142,60882300
2024-12-20,253.1073760986328,253.61459983498276,244.35518295150268,246.69240643268387,147495300
2024-12-23,253.8831329345703,254.2610580907384,252.07301363460223,253.38584941381717,40858800
2024-12-24,256.7972412109375,256.80716624287646,253.90303208844082,254.101957652135,23234700
2024-12-26,257.61273193359375,258.6868812844183,256.23029959445824,256.78725468311694,27237100
2024-12-27,254.20138549804688,257.294504767908,251.68513210698922,256.4292059497028,42355300
2024-12-30,250.82980346679688,252.122743648892,249.38768429964367,250.8596392638085,35557500
2024-12-31,249.05946350097656,251.90392569582917,248.07483671879714,251.0684930674946,39480700
